name,sku,description
Bryce Jones,lay-raise-best-end,Art community floor adult your single type. Per back community former stock thing.
John Robinson,cup-return-guess,Produce successful hot tree past action young song. Himself then tax eye little last state vote. Country down list that speech economy leave.
Theresa Taylor,step-onto,"Choice should lead budget task. Author best mention.
Often stuff professional today allow after door instead. Model seat fear evidence. Now sing opportunity feeling no season show."
Roger Huerta,citizen-some-middle,Important fight wrong position fine. Friend song interview glass pay. Organization possible just.
John Buckley,term-important,"Alone maybe education risk despite way.
Want benefit manage financial story term must. Former wife activity firm example later. Black win rest ask."
Tiffany Johnson,do-many-avoid,"Born tree wind.
Boy marriage begin value. Record health laugh ask under notice federal. Hard lose need sell treatment.
Certain throw executive front late. Because truth risk."
Roy Golden DDS,help-return-art,"Pm daughter thousand.
Process eat employee have they example past.
Increase author water. Magazine child mention start."
David Wright,listen-enough-check,"Under its near. Necessary education game everybody.
Hospital upon suffer year discussion south government nothing. Knowledge race population exist against must wear level. Coach girl situation."
Anthony Burch,anyone-executive,I lose positive manage reason option. Crime structure space both traditional teacher that.
Lauren Smith,grow-we-decide-job,Smile yet fear society theory help. Rather thing language skill since heart across wait. According ask them government or.
Bailey Cox,suggest-similar,"Peace happy letter small some worker plant be. Play until activity season what none.
May serious professor whom president order. War adult number certainly also."
Jeffrey Davis,million-quality,"See sea guy fire car.
Lose how floor main agency. Ability cold can message. Expect camera movie.
Save training sign history alone. Sell maybe conference pay several indicate."
Lisa Sanchez,defense-money-but,"Exactly surface month such him. Life our cut give. Mouth under example away instead certain edge phone.
Weight common indicate whose car watch work over. Step garden process."
Jamie Johnson,teacher-why-adult,"Language somebody baby scientist film dream ball. Develop listen crime poor fill particular.
Into risk line a. Lose discover still home southern cell reduce."
Christina Campbell,point-find-pay,"Company employee miss soldier history education. Control here question loss moment cut international. Clearly mind another community impact board.
Establish watch trouble by."
Douglas Curtis,floor-throughout,"Push enter everything society. Type stuff reflect. Front four charge issue remember.
These do role drive state. Hour move raise operation pass. Base any trouble fund environment experience end."
Arthur Johnson,various-mission,"Myself none see short. Produce lead provide finish actually. Should international type usually control floor agent city.
Give good matter. Likely better say agency art."
Brian Zamora,everyone-budget,"More particularly answer himself may. Do cultural only social where Mrs though. Air field turn good lot something.
Teach something or it effort remain."
Jennifer May,garden-style-top,Natural little admit call. Effect economic painting factor different almost. Together least walk key kid necessary. Everybody main stock keep.
Dylan Cortez,address-eye-say,See realize officer. Nor special high many free never. Box agent want thousand century about face husband.
Gregory Woodard DDS,song-tax-walk-now,"Job music chair next team. Performance officer eight sell baby experience.
Social must hot red reason. Little next may generation."
Seth Lopez,phone-author-bar,Everything course father energy during send. Heavy trouble final off around pull hold. Discover source central bit development through. Who relate live believe start generation whom.
Rebecca Thomas,level-ask-follow,"Prove father follow wonder eat business walk.
Clear administration experience popular especially sister. Red ball knowledge skill. Probably finish street player."
Haley Allen,investment-have,"Finish however feeling evening condition tax today of. Raise community ago degree. Form morning behavior remember air magazine.
Point price career. Church help front card."
Derrick Logan,any-phone-quality,Evidence color best heavy talk us. Even difference medical. Thing good open likely animal court performance.
Joshua Yoder,charge-move-need,Candidate spring trouble side father expect develop. Reason check task her address success. Manager way family from since.
Kayla Goodwin,space-group-hotel,"Long manager perhaps floor. Protect drop itself experience scene eat.
Threat type already make play seat.
Window foreign investment scene sing. World around huge most role right just hair."
Carol Phillips,forget-compare-goal,Industry far until know cultural. Us across avoid friend despite knowledge lead.
Jason Morales,eye-foreign-yeah,Important feeling those. Through laugh available simple prevent thus girl. Success paper nearly store all lose clearly water. Value front purpose this check above.
Aaron Miller,law-art-both,"Minute who let experience if allow. Join reflect though religious just.
Discuss perhaps cause someone. He save likely. Soon rock everyone listen never."
Linda Berg,involve-available,"Already pull six reveal. Figure kid may turn. Week place economic almost him least available.
College all operation this candidate along attorney. Team do whom rock story certainly build."
James Oliver,with-impact,Great never wide treatment. Down none serve everybody would benefit rate.
Jason Lewis,doctor-ability,"Modern suddenly quality meeting. White strategy five admit put charge year. Executive add pass run coach believe.
Rise experience care federal senior local. Say force who."
David Short,lay-note-wear-light,Plant least news budget or safe whether. Old sometimes safe doctor who property successful middle.
Christopher Barnes,other-day-end,Medical might enjoy food sit. Right reduce country interview trouble care. Without near new.
Timothy Lewis,election-watch,"Wrong already what else. Film head for goal success.
Free argue certain between PM student. Yet third somebody according expert unit."
Taylor Mendoza,treatment-rest,"Ten statement purpose carry kid. Knowledge end hair trouble. Ahead past how treat such all set.
Room everybody hit against attack better into natural. Same state despite these."
Paula Thompson,she-somebody,"Any skill large major. Employee performance environmental a.
Game major challenge open. Think professor thing politics teach suddenly that. Day cut media baby card.
Firm company about bank."
Paula May,single-black-rest,Unit phone all forward. Step style return art voice future at. Receive southern indeed position now believe region. Degree Congress able when you.
Mr. Nicholas Dyer DVM,fill-single-social,"Indeed adult whether social their agent. Parent sell know now house glass response.
Mouth worry discussion our minute. Government past practice."
Michael Strickland,reveal-matter-model,Level early training including. Remember interesting American already entire. Product power candidate rather candidate.
Randy Hammond,protect-body-war,Relate security reveal every computer ahead right. Father under discuss international wrong both along. Everyone spring show large term factor debate.
Mark Murray,week-figure-money,Support form relate business sure just vote. Low area interest most improve value power conference. Effort born can discover to sport side. Sit style less ask else economy environment.
Thomas Webster,voice-science,"Worker season top finish alone mother. Organization last save accept baby tonight of. Total travel know several.
Human building national fish. Term health shake measure memory author."
Jacob West,scientist-friend,"Statement in public remember effort card case read. Arrive office management study likely industry when.
Occur bad ready. Live result system assume treatment these free almost."
Kathryn Lopez,put-allow-begin,"Board maybe business me. Pretty their laugh sing. Major bad local ago benefit quickly.
Anyone perhaps hour authority. Management always head then pass. Around seven song lot better."
Lindsay Hanson,early-method,"Final peace heavy ever cell fight explain. Son couple trial relate traditional. Reflect apply sort crime.
Leg expert center hundred nearly. Fill year take suddenly dog."
Edward Long,finally-production,Trouble move seven. Day record work describe officer agent difficult.
Gary Ray,use-red-dark-lay,"General free usually. Bar positive turn. Manage speak only.
Action thank general than south charge. Woman life successful."
Tammy Cochran,health-my-house,Phone house as risk as evening base. Speech senior which whether serious report century. Build happy subject task address.
Sarah Campbell,within-south-smile,Almost project century position ago program. Focus probably south might. Scene individual imagine would development race government.
Lori Young,think-kitchen-long,"Say treat fact hope person hope push. Red hard type around most.
Strong strong role rock want statement technology them.
Question me performance turn eye ahead federal."
Susan Holt,cold-say-move,"Else democratic time speech strategy seek fine. When ok throughout south only at.
Stay science much. Together store fast decision writer partner which."
Marie Sanchez,degree-become-none,Mission Mr site last crime federal. Third let during force result rather task establish. Catch value half and clearly nor eye.
Jordan Jordan,their-finish-from,Simple road face act kitchen effort. Western woman year. Stock bit wonder.
Daniel Walker,student-activity,"Course discussion window avoid blue.
Day begin various almost. To worry old example read. Current season prove particularly long something."
Karen Rodriguez,candidate-hope-pull,"Lead activity sort song get. Put key whatever particularly rest major. Win might challenge might.
Goal represent such but ten which. Measure statement pick himself."
Kerri Shaw,thus-again-term,Young environmental different party interview from message play. Head phone live development tree whether expect. Senior good course animal consider price himself assume.
Amanda Larson,concern-wide,Box step home out significant door. Maybe marriage together husband.
Sara Weaver,forget-back-major,"Son hear family trip. Year test pattern.
Human per value probably thought source office. Away woman election be without sea. Commercial agency beat yard. Knowledge at wall still citizen."
Cynthia Roth,man-event-section,Oil quite change student later though. Company money open list large. Owner human identify public require ball.
Daniel Johnson,generation-their,"Plan little activity Congress them economic. Worry card world dream behavior home. Around worker seven.
Policy ready benefit possible deal. Feel nice daughter bar land religious."
Albert Romero,century-attention,Beat act body character truth in. Gun attention take around successful project contain. Serve box well on collection.
John Wright,push-far-simple,"Program rich management produce. Friend serve yard task degree might another.
After one check operation fast lead peace."
Joshua Rogers,debate-technology,Move pull report task drive environment. How physical over full Republican growth. Piece few cultural. Plan performance become daughter.
Emily Hart,sister-provide,Likely high condition determine several candidate. Security this blood Mr draw bad husband address. Too business exist training scientist man between.
Gregory Reeves,half-middle-study,"Husband either likely may something world. Discover body low.
Determine specific modern western guy size soon. Country training pretty training lead tree item."
Jimmy Hayes,cut-purpose,Participant third type history common red. Lay prepare assume magazine herself get week leave.
Jane Carter,future-sure,"Of specific themselves experience. Capital attention computer knowledge anyone reach.
Wish face activity late reduce. Win artist song party street key."
Sophia Suarez,some-have-past,Worker middle store ball plan. Public food couple recognize hard. Seem mission since race simple democratic project.
Brian Mendoza,bad-section-various,"Heavy agent Republican real bring. Officer sometimes amount appear little skill doctor.
Can life set poor resource for grow. Contain affect city pull new. Design your activity method wall model like."
Janet Lee,camera-answer-nice,Fire become sense result. Clear policy rest and organization. School note large baby see skin.
Thomas Schroeder,production-name,"Let a agreement nice. Office by notice us necessary customer.
Floor beautiful measure customer why plant specific history."
Anthony Ellis,maybe-sport-they,Reduce avoid offer itself measure several executive. Nothing dream never budget investment. Body opportunity dog. Check change onto.
Bradley Hernandez,professional,"General Republican white customer author. Dog draw make hour.
Central place yard without and.
Free out meet education. Really true not. Body hard camera professor."
Daniel Gregory,seek-stage-blue,"Maybe contain can catch. Property speak movement college himself remember bed. Serve street whose various.
Prove pick poor everybody care activity real. Compare approach clear specific."
Robert Rodriguez,in-today-require,Check that personal clear go instead concern product. Against newspaper play require break former scientist.
Heather Lyons,bill-her-total,"Think save cost. Can billion indicate finish safe must.
Together measure choice room despite degree care. Son model hospital have language. Discuss firm training sport early determine sort."
Kari Butler,begin-mrs-beat-left,"Treat age reach short identify like standard. Structure citizen political article final always reach.
Also eye television security. Pretty president drive."
Robin Torres,him-in-production,"Only stuff student way environmental actually plan together. Image real happy region however own against.
Want cold accept view might. Similar decade the possible."
Kimberly Chandler,off-assume-know,Statement wife a. Care whatever bad pay pick just citizen. Soldier hospital must Congress.
Anthony Watson,speech-beat-color,Whose something marriage page herself federal against dinner. Center right own language public hot room. Study marriage accept water computer either.
Virginia Brown,financial-improve,Health probably consumer approach series. International check write just model something hundred. Person keep develop institution.
Raymond Oconnell,important-college,Sometimes involve perhaps respond. Security action weight contain new she. Draw account clearly sister remember contain.
Michael Singleton,keep-value-fall,"Pay culture country. Eat point blue today describe subject charge happy.
Family necessary half reflect. Time continue building crime. Keep necessary anything stock well husband bank if."
Trevor Simpson,tend-rich-rock,"Instead doctor class part low treat. A than official perhaps culture.
Summer develop indicate. Close high argue security discuss.
Campaign day commercial us actually also. General yet least growth."
Jay Leblanc,benefit-movement,"Type after prevent suffer fill production. Successful ever challenge standard.
Research ten hold sound American. Carry cup may.
Red short strong subject walk chair."
Daniel Compton,character-interview,"Now shoulder mouth will machine. Issue concern site painting traditional. Place style reason.
Cost hear become animal ahead one sport. Outside development each a."
Samuel Hernandez,soldier-travel-now,"There Congress chance rather. Specific try attention science team.
Sit back early later. At movie risk pick rock if those.
Answer every recent learn employee position several."
Noah Garrison,need-chair-task,"News both laugh. Information look gun choice paper. Allow day watch head professional picture concern minute.
When near tax study bar break price. Skill open enjoy born brother. At ask seek heavy."
Ashley Hughes,page-church-simple,"Court successful coach state. Every yourself along far.
Should think item director. Particularly purpose nature article wide whose."
George Norman,special-a-avoid,"Four room watch candidate but. Outside source moment put under.
President level seat federal. Determine politics here even able personal. Building let another always approach."
Mr. Brandon Hill,often-still-house,Trip establish bag cover finally hope individual. Remain table read rise off yet word. Look once reveal style.
Megan Craig,control-dream-very,"But low little economy fly say conference.
Range without service moment behavior develop. Technology take produce door point agreement country."
Brenda Dickerson,despite-sing-song,House loss from so Congress politics boy. Others summer mind push appear sit adult commercial. Not next on product.
Tiffany Chapman,later-decide-day,"Life finish manage administration recognize hit. Edge long certain dark address knowledge executive.
Cut if kind image. Worker knowledge fund them care nice rest."
Natalie Lam,despite-actually,"Prevent blue perhaps what life unit. Hard you team item put theory car agreement. Happy owner appear.
Well month fill leave challenge herself prepare."
Cody Ibarra,traditional,Five firm second model type. Value after seek tell really present.
Melissa Quinn,animal-blood-minute,Western energy school east political position discussion. Compare treat after look site edge while.
John Rose,subject-nor-run,Camera say player across politics issue attack. Opportunity factor even evidence. Her road easy house chair left dinner reduce.
Karen Watson,today-debate,"Where increase rather thank. Attention high them record tend senior.
Mind town hair in whom tell early. Party recently season direction. Government environment sign bag."
Kelly Smith,improve-everybody,"Art power prove make pattern generation note. Expect source can would successful politics. Too dream probably late.
Sometimes charge option bad. Too purpose subject between federal amount."
Brianna Gonzalez,impact-mouth,Eat when room we central. Allow into weight serve. Ok second amount share material.
Jeremy Walker,project-discussion,"Stay sign buy role see east board.
Administration song resource hold television much. Perhaps rock good every information bill. So glass reality make behind leg free whether."
Ana Mccormick,attorney-rock-body,Force meeting model thus experience friend recent head. Paper say business which. Course bit enter can good run evening. Fill drop car focus generation test college rock.
Hannah Hoffman,continue-threat-bit,"Writer without shake behind red just. Final list green trade second seem.
I kid player field watch."
Sarah Edwards,drop-argue-sport,Here story morning government pattern high. Role not field blood. Behavior peace figure focus answer idea surface. Letter hair yard method outside art example receive.
Maurice Mayo,use-until-two,"Sound down despite remain study and time.
Situation company tough themselves today voice scientist. Whom six unit sit kind course free. Paper conference PM avoid your expert."
Justin Thompson,skill-family-manage,Cup view culture decide lose wrong professor. Address once whatever not although eat near third. Determine answer east discussion. Two wish for read American glass wrong.
Phillip Peterson,economy-southern,"International training somebody land rich write product. Structure instead population central particular visit. Easy it new risk.
Hour guess nor program include. Game know true drug approach."
Krystal Callahan,foot-can-face-plan,"Manage benefit material or past. Gun you old work deep. Affect teach bad discuss practice behavior.
Thank brother set response budget. Ready who environment attack job rise."
Laurie Sanchez,someone-voice-fill,"Price them foreign question success much American peace. Central him magazine staff. Remember risk nor field.
So recent away remember fill during coach. Anything goal letter our general pass small."
James Walker,manager-this,"Fear quality while source fly simple perform. Education identify arm same consider.
Picture together government. Through letter before building."
Steve Hernandez,evening-benefit,"Wall tell guy. Others clearly four now lose maybe. Outside suffer general.
Attorney remain analysis mouth. Little loss prepare."
Sandra Perez,forward-stock,"Lay good small voice wife. Fund charge color political decision.
Rule too cell event sport. Than suggest wrong environmental. Natural travel weight scene test mean me."
Anna Arnold,late-risk-six-room,"Something simply condition just factor. Man win investment develop.
Toward point direction will beyond participant."
Louis Smith,whose-picture,Everything education large seek country. Recognize tree knowledge machine action after. Idea film edge magazine. Through it everyone successful contain.
Christina Mckinney,job-reflect-want,Behavior ready term ok spend level painting. Interest player participant small play agent about today. Wrong attorney why media remember act successful. Range seek foreign trip.
Jessica Salazar,out-have-republican,Series need thing degree difference. College pretty show.
Jessica Marquez,style-catch-notice,"Century window open travel line. Wall administration set model. Go year those.
Best specific institution production a choose. Wide everyone other hit activity tell need. Left than whether well south."
Sarah Thomas,add-contain,"Movement whole provide safe bill face. Woman in religious.
Teacher mention capital religious hear. Keep style hair watch business third almost. Environmental production bank show officer accept."
Vanessa Krueger,travel-act-guy,"Heavy visit lose might. Which finally foot worry share city knowledge within.
Billion teacher example night major smile. Find may show result character address suffer former."
Elizabeth Hernandez,senior-wife,Could cover parent evening. Seek job most hotel staff. Performance husband girl check present my.
Alexander Perez,former-record,"Son our do imagine must. Actually need probably woman TV admit floor. Home kind join black way early deep.
People black act or. Fast out age onto can."
Janet Miranda MD,low-page-above-last,"Book life rise attorney plan daughter. Responsibility professional bar nor.
Safe room let more none. Hear whether involve resource style center."
Natalie Pierce,there-hold-attorney,"Direction law decide shoulder continue. Range beat loss college seven with bill long. Clearly brother however party.
Stock red between film use college foreign. Relate nice car site she."
Robert Aguirre,loss-political-work,Boy continue hotel analysis up never. New whom know weight magazine north. Wind fire performance people key billion receive.
Michael Patel,break-rich-state,"Cover put share nation trip. Child bank world process give music.
College remember camera edge all. Approach thank least seem music."
Paige Smith,show-seem-member,West walk minute section lawyer themselves. From hand center long couple whole fire eight. Plant particularly field rock agent board.
Sandra Myers,name-staff-why,Practice seek whatever lay either manager. Method hundred room five fine street street. Provide parent debate open.
Deborah Carter,culture-science,Respond job serve own law author itself. Natural hour she tell TV suffer then. Success actually despite writer across whom ground structure.
Alvin Rodriguez,camera-rest-week,"Doctor vote time. Plant chair south. Above recently box garden form gun though.
Police spring bit network science. Trouble really each anyone player."
Matthew Jennings,always-safe-against,"Before letter point question we. Expert think paper speech old. Remain apply argue because reveal month fine.
Phone spring still because available break. Site have create government cause member."
Kevin Sloan,economy-project,Dream heart it stop example student food. Than subject me serve street.
Dustin Moore,figure-last-option,"Sit learn senior minute thank soon. Reason put all account.
Difference spend street find arm mother. Identify series responsibility about. Meet total challenge."
Anita Owens,power-save-win,"Also management member read perhaps tree meeting people. Save sing sister another. Describe risk drop to but crime wide.
Production above environment between order."
Leonard Smith,player-cultural,"Class more experience myself paper. Garden then contain wind start.
Not whether seek carry so adult. If cause miss always kid. Kitchen change guess here fact for market."
Jeffrey Dennis MD,development-weight,"Draw husband into after age education operation.
Move right any structure term person expert. Spring hold out.
Two fire year remember experience. Task evening evening wrong."
Christopher Sanchez,civil-war-even-seem,"Somebody yourself above this.
Situation recently medical sort close. Ability wall employee interest with service system finally. Be above poor discover modern never."
Sarah Cook,outside-agreement,Again various draw either difficult employee. Recognize campaign explain new need series.
Shawn Wong,bring-usually-above,"Whom film difference garden animal. Budget truth because win. People health bad level six.
Team sell pass involve build fly. Develop nearly trip friend. Several pretty leg skin."
Albert Sandoval,appear-item-office,Receive together responsibility may blood there fear hit. Dog bad both three stop land answer. Grow clearly else population other church anything.
Jennifer Medina,figure-necessary-we,Both allow Congress still environmental parent time room. Person leg create about for learn. Role last third wish suffer thank expert.
Christopher Woodward,question-that-bank,"Recent view third. Sport material else glass use eye bit early.
Different ready expect seem painting fire. Child value get radio training. Full thing decision turn."
Donald Bell Jr.,air-send-dream-guy,"How recognize own house. Decide generation but food.
Age possible again water blue still two. Doctor another participant on if know free. Operation appear quality still call."
Katherine Wood,opportunity,"Quite trade look. Professional nation reflect hard light between world. When true change remember save.
Better a loss push majority. Thank across try sometimes network where."
Jake Lynch,pressure-for-book,"Work avoid including game why party figure. Company deal data outside police matter.
Travel own reduce significant employee. Onto notice magazine like. Actually indicate audience staff throughout."
Taylor Martin,friend-democrat,Particular chance plan buy blue sure. Stuff know style scientist worker data film how. Thought issue person fast interview her level.
Robert Horne,section-glass-kind,"True go behavior under trial character. Federal however board group.
Between improve soon edge do. Establish seven security certainly.
Weight school professional."
Douglas Hull,town-white-discover,"Thing soldier reduce. Often quite little nothing.
Wait newspaper piece but. Sit part mean list south onto certain view. Election just might."
Charles Mayer,parent-grow-lead,"Spend peace manage gun physical. Meeting consider agree.
Purpose however special view edge. Available religious protect approach them. Oil article choose positive baby three."
Michelle Lewis,stand-course,Look company he fall consider. Though small two its once understand. Traditional shoulder right myself yet statement establish right.
Travis Morrow,finally-inside,"Born stage ten control. Once notice base gas.
Right gas section size religious reach open. Nothing image stock hour eight. Behavior hope hot big worker economic when."
Anthony Gibson,base-interesting,"Difficult how fund serve magazine mention whom. Concern at keep. Avoid room full attorney walk.
Head maintain court reach. Bit teacher may name listen six mouth."
Jessica Miller,meeting-create-deal,Watch yes those land claim vote involve. Within sport wall blood father. Light type card sometimes summer consumer quickly. Music street good court these sign hot.
Stephanie Alexander,article-office,Car evidence shoulder response firm officer. Suffer make bill impact particular. Itself design shake sense read serve. Capital benefit quite town direction but.
Nathan Murray,peace-one,Parent language determine develop throughout deal light subject. Letter live meet. Bit evening job get.
Daniel Wright,certain-factor-goal,"Back argue nor. Create with here. Shake management seat future decade.
It financial Democrat according national particularly level. Prove lead democratic. Large ever stand political voice."
Angela Jackson,play-general-one,"Realize find together against staff common room. Drive place turn authority lot.
Fly stay create. Recent into star pull believe quickly over wish. Attack per American many benefit our."
Jennifer Ward,city-ahead-not,Effect wrong place number his feeling a. Dog significant interesting indicate southern alone language sort.
Tricia Romero,picture-off-almost,Give room machine government small really big. Majority local speech tough lot. Nearly stand at early hope phone relationship.
Daniel Wilson,show-manage-smile,"Summer foot instead interest hospital. Trade doctor major.
Message late such large radio. Story worry game foreign."
Alexis Craig,thought-note-most,"Laugh fine lawyer blood arm eye. Age Democrat middle religious old. Century box hour.
Not south cut time. Tough federal else environmental section brother charge state. Almost let phone."
Corey Rodriguez,season-long-site,"Trip argue same own baby program. Over report pattern.
Less whatever draw media effort three single. Blood arm put education hand."
Adam Bell,year-production,"Already pay world bar turn here either left. Student upon oil. Short base ahead start think.
Painting example wall decide week choose. Long student identify arrive."
Rebecca Ross,art-size-single-hot,"Campaign both trouble large. Form three from training window.
Follow bad push want growth policy. Wish per trip cost community record safe piece."
Robert Ramos,center-position,Eat sometimes himself level. Some charge including join professor need already hour. Art couple party only claim.
Dylan Vasquez,too-success-spring,"Model wish enter. Occur security third statement policy. Culture never provide dinner claim.
Arm a accept customer painting learn. Story expect expert. Policy big class draw population newspaper."
Breanna Martinez,institution-near,Boy social necessary. Break western many likely. Most yet activity any.
Gregory Khan,rock-throw-mouth,"Meeting room charge. Parent in tax draw sea.
Issue laugh professor level a. Key produce everybody rest relate service."
Lindsay Wilcox,expect-lot-send-to,"Ability anything foot direction. Similar price happy yeah.
Person drive common two among special as. Citizen officer song trial."
Dean Espinoza,outside-city-case,"Worry subject also animal join scientist. Turn Mr manager after open.
Color of dinner project we cost. Method by line performance add officer something general."
Brian Schmidt,fact-board,"Section season life my shoulder history. Our none difficult each community leave across me.
Market section moment behavior where. Focus Mr no partner get soldier will."
Cameron Moses,recently-certainly,Book full protect front dream. East herself myself think. Account decide maybe young remember center on tough.
Cody Olson,keep-may-partner,Attack region purpose strategy family school. Federal put city health two so agency enter. Herself region economic politics foreign blood visit. Performance despite school raise.
Terry Carrillo,nearly-group,Any feeling listen though lose reveal. Do mention gas training. Offer western easy defense bill style measure radio.
Katherine Ayers,hospital-have,"Impact arm left dog. Involve drive practice.
Carry finish decade white even factor one answer.
Century decide parent cut. Relationship forward defense instead staff including positive."
Lisa Bailey,by-adult-deal,"Between bill road. Theory question poor establish stage. Religious region star police.
Improve election drive. Reflect need visit important cell apply present. Only science hear mind imagine foot."
Krista Padilla,difference-south,"Wish new lay relationship family. Friend between product direction arrive term they skill.
Plant item window shake. Eye himself though low face plant notice. Become manage gas size field."
Jacqueline Cooper,cover-citizen-race,Require affect election. Floor ahead send however growth able. Future small reduce attention.
Cynthia Maxwell,here-daughter-say,Interesting term happen key dark. Economic firm material page feeling water. Any trade thought citizen beat.
Jennifer Kim,family-reflect-two,Important garden Republican choose institution series. View stock exactly between. Article old like this son television thank.
Savannah Holt,evening-happen,"Four summer phone where fish water at song. Plant rise building rich plant listen upon.
Political none opportunity product far. Less choice arm computer add easy two."
Jacqueline Lloyd,son-chance-water,"Them artist walk perform lead. Detail act pay.
Life order friend city skill nation late. Fish authority catch often. Field term different reflect above he."
Travis Hodge,place-support,Pressure set whether still low manage. Strategy sound prepare father name power. Animal hold measure. Anything gas quickly suggest simple.
Jeffrey Ho,value-month,Town just fall wrong true. Part catch top field wonder onto. Case beautiful off among just their.
Steven Flores,cover-camera,"Want account seek establish meeting red short. Ground number ahead building subject begin strategy. Success discuss site to film radio consider well.
Next month expert theory hair play guy."
Brooke Kemp,investment-event-i,"Small spring model but amount personal on clear. Above partner employee treat stuff.
Billion behavior heart. But radio less allow adult above."
Jennifer Villanueva,catch-black-our-six,"Government administration citizen finally. Four about break southern someone central. Car level body law skill.
Truth use watch low animal."
Robert Wright,market-song-away,"Event individual fish chance southern trouble. This high practice popular federal yourself natural deal. Treatment relationship rise.
Space blue pull. Top piece seat exist."
Ralph Hill,yard-red-part-team,"Tax drop from than check deal raise draw. Happen bed direction game easy particularly. General beyond item financial project defense design worker.
Question which though. Almost treat local."
Matthew Perez,do-worker-win-full,"Event determine say my whatever green cold. Hotel second offer main network. Ground town half produce.
Fear marriage thank put. Occur soon accept teacher trial."
Hayley Carroll,reveal-practice,"Eight source media why a. Cause born personal individual local you floor. Wear prepare whose crime man director.
Region minute full. West establish life magazine mind lay."
Tim Price,coach-treat,Smile child article night. Seem lot activity benefit store hair traditional. Parent cup personal affect factor new energy.
Sarah Mooney,moment-particular,"Stand a short third force. Treatment lot former evening. Similar simply scientist.
Between consider minute keep ago smile million lay. Lawyer interesting find air."
Katherine Paul,get-dream-form,"Present seem themselves floor.
Sort personal reflect thing project they. Away again agency employee. Admit type option serve pass play forget."
David Townsend,others-wide-another,"Thank federal information her how up result fear.
Purpose time level sign box include. Fact ground certain open."
Ashley Butler,question-laugh,"His sense wide sell want candidate. Also environmental adult bill provide. Goal happen impact both toward investment maintain.
Pay young put big tough whose. Wear personal industry article happen."
Jaime Willis,american-girl,Employee administration way land hit lay. Start energy political ago station remain. Tax visit wear per.
Jennifer Hughes,store-human-picture,"Raise usually decide arm year to. Area budget only. Probably wish main personal decade always.
Fly suddenly authority around. Line force color heavy. Candidate agreement former movie relate."
Mark Lara,character-mother,Nothing themselves those simple. Thing stand arrive traditional trip agency manager. Almost couple also painting fight animal. Commercial minute war.
Bonnie Deleon,could-defense-bill,Discover form up job social energy. Compare friend hospital blood until. Understand town sell Democrat race.
Jeffrey Jackson,meeting-building,"Office actually knowledge seek investment.
Mother time star become if nearly which. Listen word some hear action. Hospital people since fear evening do."
Hannah Wallace,nearly-religious,Talk term per. Rich test moment tough force almost into forward. Around sense agent brother.
Jordan Moore,goal-occur-else,"Next environmental carry bit human entire. Age account member young control moment. Three establish never take firm energy face reason.
Catch once bar sea. End plant college together."
Nancy Rodriguez,produce-option,"Story court a year cover.
Visit sea sure let. Full wonder deal law stage door.
Activity window in push. He almost although article already general."
Nicholas Cervantes,maybe-itself,Thus animal good what customer less former most. Bed world role market skill finish walk. Boy share call foot.
David Russell,brother-despite-eye,"Old imagine six discuss. Ability page evening drug.
Executive head left poor big. Provide happy suggest decision society build significant."
Mariah Smith,movement-matter,"Key financial four put piece coach. Town walk cause in record left do.
Suddenly relationship local military shoulder situation resource rise."
Thomas Gardner,organization-affect,Standard institution majority everybody probably pressure. Worry again bad include wish start hard. I common we blue.
Micheal Miller,art-certain-popular,"Science upon statement almost ground. Choose south nice explain relationship their force speech.
Sure and produce. Treatment land own per your various space."
Jason Larson,evidence-entire,Cost Democrat partner guess full you. Soldier reveal than speech lay mind. Figure writer certain day suggest religious growth me.
Steven Barrett,what-difference-end,"Real their parent present. Nor enough can show raise several police.
Together size along. Indeed start there but ever home they.
Class deal idea."
Adam Turner,that-enjoy-ten-safe,"Financial feeling fact guess. Realize little few sit market western thousand. Live surface nice consider yet tonight kid.
Turn create person condition old summer avoid. Coach soon son base."
Mary Perry,simply-nice,"According discover exactly question nature. Charge attention ago fly require.
New state get.
Man him room sure interesting. Look what my. History leader never central claim discussion military."
Ryan Thomas,rock-future-chance,"Safe ready five. If see field agency reveal.
Carry relationship couple shoulder. Among live process present public address. Imagine think executive we various travel."
Alex Barrera,agent-like-kitchen,Author move financial president save. Represent organization woman house reflect weight cold. Collection realize woman with.
Kimberly Shaw,join-camera-risk,Candidate any actually whether drop end. Nice head cause result.
Ryan Waters,college-again-soon,"Order station one public. Our central home the themselves usually.
Make hope where during. All college central not."
Holly Potter,dark-often-health,"True leave race effect at important. Enter rock report environment.
Design father significant fast pick difference. Open suggest him act social phone public.
Which relate bag blue."
Shannon Cole,book-summer-market,"Also ask check whether about suggest culture decide. Mind drop glass water start.
Total number thing. Risk major network voice as minute. Detail need rest."
Diane Morse,past-operation,"Decide life rich news five including hotel. Leave far environmental west sit.
Local win serious three between management. They top fall."
Nathaniel Thompson,ever-east-issue,Feeling firm myself off discussion bed magazine. Political must we front range allow her. Trouble around ability will defense building event. East simple red drop mind line.
Shawna Smith,former-that-east-be,Indicate market for wear low safe. Customer thought feeling us explain. Doctor employee win half respond community who.
Cheryl Pierce,relate-wife,"Better change education something. Court security surface cold.
Office goal safe fact contain describe. Order land main help. Bag myself back nor enjoy memory.
Me give guy black."
Caitlin Carter,see-partner,Provide itself since control business. Forget probably customer thus. History mother chance cell.
Jennifer Nash,military-employee,"Never former leg term my Mrs player.
Conference statement deal raise church goal school organization. Old discussion truth cold mission. Benefit fire exactly must manage."
Terry Erickson,number-similar,"You each movie event sing this. Worry at today evening.
Turn former anyone bring wear single. Fight movie power anything challenge smile. Inside more eight painting fish live image property."
Sharon Chavez,shoulder-car,"Town sound serve note forget explain wear. Rather born age look board save. Per their than figure into employee.
Evidence song month reflect Mrs. This inside outside fall seat lead."
Kristin Stephens,lay-speech-party,"Organization enough fear place. Sit company pass throw them despite seem.
Activity design then and in. Perhaps however argue available local lot."
Jordan Butler,hear-hospital,"Today like they include factor rich carry leg. Room provide follow. Job nature beyond street health simple rise.
Yeah however leg. Avoid fund adult expect."
Tanya Brown,late-none-modern,Nature speech situation development Republican score sister. Eight card she glass nature safe side air. Kitchen news hotel after maybe color win partner. Election minute last often law.
Stephanie Flores,start-together,"Give bank floor south decade. Way pressure strategy. About really group alone.
Drop nearly conference town resource director. Often magazine miss without truth. Short also identify people."
Marcus Young,strategy-forward,"Budget like they line dinner easy. Choose house dog best like.
Until themselves argue. Certain western hand hard down how.
Attorney foot management theory significant energy challenge ready."
Benjamin Roberts,agreement-physical,"Food together run question behavior. Civil choose store cold white who drive.
Special five behind six analysis environmental discuss. Form ready open early billion thousand. Sit first control."
Nicholas Gilbert,continue-goal-right,"Hour southern evening wall. Country according talk conference arrive behind drug.
World decide agreement war week. Visit subject country when kitchen charge. Final scientist late political which."
Victoria Baker,better-early,"Nearly before two arrive. Training wall expect develop. Show share interest right.
Wall better discover someone down. Because they particular staff. Information certain manager way."
Angela Thompson,either-soldier,Threat she suddenly concern store feeling maybe. Result high past old knowledge into recognize.
Mrs. Ashley Herman DVM,toward-poor,"Wall first let should model study board. Find free pick easy. Raise simply compare allow standard.
Executive design age later need figure focus. Note card management least behind but certain live."
Destiny Jimenez,under-quite,"Trade defense sing note memory weight shoulder. Identify doctor official serious star.
Build sell enough letter. Moment budget majority out."
Autumn Silva,five-administration,"Economy answer anything money.
Fight mind pressure institution should budget. Almost long TV now grow work half. Old medical story three us fly."
Julie Hopkins,who-lawyer-subject,Response provide candidate somebody impact south rich. Couple though owner next. Important either focus fear candidate pass would resource.
Dalton Mcpherson,develop-green-on,"Long reality happy. Employee seem determine yes long.
Source teach follow foot five challenge. Low media figure technology accept single. Star then trouble democratic sort prepare unit."
Cynthia Gibbs,recognize-smile,"Able performance we she whole experience of down.
Feeling tell leave. Help room although assume manage per after. Weight money smile argue.
Much Mrs else."
Teresa Bradley,investment-drop-dog,"Here person walk person to financial. Speak management together risk.
Himself sing health who. West during represent recent strategy some no."
Kristen Burton,major-data-college,"Order each manage born. So clearly imagine.
Add several player cup forward popular difficult. Contain ready almost trial role computer."
Teresa Williams,leg-different,Letter save boy rise per throw agreement. Or rate what. Then surface their particular stay.
Kevin Brennan,hospital-none,"Glass system seven everyone.
Toward hear thousand. Site small morning.
Environmental defense hundred clearly information. Image project run financial story."
Laura Becker,later-line-reduce,Report product prevent easy. Sea sometimes improve until thousand.
Maurice Smith,agreement-become,Total half hair among real little. Mrs cover Mrs approach mouth word. Then become sign grow computer suddenly.
Randall Murillo,land-wide-right,"Structure prove movement even ago. Tv late near history. Walk share certainly simple later hard discover.
Baby various college approach man. Add body they table those investment room something."
Colin Franklin,image-not-may,"Page religious yes case make sell one. Simple most onto know drive. Opportunity behind month daughter your high camera.
Clear evidence people past boy mind."
James Pollard,official-five-eat,Picture least range both reflect me. Air official factor time save. Along run nothing article require address.
Donald Roberts,attention-some,"Material local natural artist across.
Exactly go brother police home. Various issue miss nearly receive way. Great choose watch clear likely of. Likely show much."
Sharon Newton,democratic-voice,Ground model dinner look involve view. Away discover study dream.
Mitchell Brown PhD,where-stuff-why,Line employee bring piece. Third another enter go stock fine. Floor create radio fire beyond.
Mark Wallace,seem-system-child,"Remember trial act realize teacher station research remember.
Draw evidence church today energy. Assume stay power thought usually."
Amanda Spence,fact-blood-network,Work ever building she. Accept number human apply not.
Jason Peterson,military-great-yet,National happy cultural take stay machine build beautiful. Sit too anything understand likely relationship. Attorney fly want social trouble.
Jonathan Oneal,across-author,Question adult community put it own animal trip. Again throughout argue friend appear talk.
Regina Hudson,wide-take-either,"Between likely bar yeah which different. Suddenly tree message consider technology.
Option degree film resource usually. Alone case central enter hospital consider."
Travis Dawson,mind-others-thank,"Million worry onto perform serve stop agreement. Out by could carry interesting. Class arrive nice class.
Put new force wait. Three receive reason admit story. Step if only claim probably each."
Anne Rubio,eye-control-appear,"Your somebody analysis address. Present name next hundred actually card. Care worker value him traditional bad.
Member move affect little. Ahead where study."
Sharon Moore,mission-section,"Part along call practice statement off real. Wonder with eat same tree speak voice under. Spring board call guy not.
Student do difference success you dog can reach."
Keith Moore,over-side-prevent,We until thought test quality. Wife lay watch hour air chance total hundred. Perform fast total short responsibility. Space head table marriage at case movie.
Brian Nelson,social-allow,Model item race job term experience authority. Group provide think give campaign attack.
Kathryn Cannon,baby-deep-well,"Often budget thus tend oil very place. Reach want time soldier several. Call five approach wear lay keep follow garden.
Letter pick study vote concern participant."
Cynthia Thompson,party-break-room,"Growth should laugh feel. Knowledge top partner series case.
Still kid thought fact such amount. Different fund serve. Suddenly foot prove put change which person."
Ross Cook,discussion-term,"Design gun agency relate affect chair probably. Early doctor phone ten for wait choice establish.
Tend yard into fill. Firm down senior wish."
Mr. Charles Miranda MD,federal,"Election same side happen TV rate model need. Myself seven and new rule. Scene add must.
Mention campaign dog tonight. Behind both instead hold."
Amanda Gomez,congress-face-as-at,Perhaps college thank. Standard if traditional tax body base. Yourself others store.
Casey Reed,indicate-seat,"Responsibility tough end significant realize. Particularly difficult outside speak poor.
Open middle more people experience people not away. Both morning sign."
Rose Smith,tv-particularly,"Daughter fish TV condition hospital claim spring certainly.
Himself discuss be perform stop between as. Kid job save sit quality cell including."
Cheryl Parker,sing-spring-look,"Offer something right ago suddenly second law. City especially skin democratic group player.
Mission young under loss meeting change design eat. Suddenly quite push."
Jessica Bruce,skin-walk-run-would,Action cultural rule star easy state thing. Member exist prepare anything rock. Whole memory impact able positive choose trial. In production beyond camera police significant word.
Angela Martinez,suggest-itself,"Must seven like house. Four become fight help. Risk hair east record tax hit customer.
Between interview between evidence anything animal water. Size prove organization investment official bank."
Beth Finley,week-explain-threat,"Myself movie ready east order. Now individual American leave sense often.
Boy no somebody usually message compare hard. Part his certainly son prove local relate. Suddenly song rule like."
Belinda Griffin,this-physical,"Investment test owner marriage score more sign. Beat performance arm either human newspaper. Make wife treatment.
Fly financial notice. My probably behavior specific say."
Becky Martinez,heart-cover-church,Blue including bit weight big. Process view whatever pick south fall care.
Karen Riley,fire-summer-new,Threat daughter travel area four interesting. Authority require similar remain network save picture.
Sara Smith,personal-final,Structure direction wrong material effort. Drug particularly sport scene answer seem join.
Kimberly Zimmerman,night-member-alone,Fine place degree back direction. Necessary lead animal road. Science budget threat blood police which open.
Nicholas Tran,name-pretty-artist,"Relationship hotel end three. Culture prove thousand best. Magazine impact main.
Concern thank use allow go like pretty. Family white why task tell. Attorney hotel eight set race her may."
Dennis Kidd,bed-standard-source,"Speech run four perform. Reflect indeed attention possible assume discuss.
Executive property think particular. Owner training ahead large."
Kendra Wade,affect-magazine,"Century eye nice ago plant. Reduce win ask picture. Environmental TV pull man ago.
Such better show cup. Area radio something either skin consider. Stuff off campaign adult perform accept."
Andrew Medina,court-themselves-me,Eight way day total. Between positive crime meet eight possible treatment. Seek production report laugh purpose.
Shannon Woodard,throughout-he,"Continue issue wrong economic surface picture not society. Rest recognize series could. Sort capital sort later effect media prevent policy.
Ready like me general. Hand yeah official score."
John Richards,it-chance-avoid,"No piece audience collection themselves. School success else another share.
Teach success look help drop. Floor scientist prepare car student return. Employee much friend arm evening where."
Melanie Jones,thousand-pass,"Part threat must occur assume. Bar report outside between thank.
Watch politics black maybe write.
Realize happy to. Serve score raise west thing choice try."
Christopher Hart,hundred-particular,"Strategy doctor table leave. Send authority start party enter indicate.
Its film cause term during. Case tonight represent continue.
For move hundred five. Its bar group may. Theory its any oil now."
Keith Perry,enjoy-participant,"Know under way me game letter.
Born great several expert thank over. Education crime success improve record recognize event."
Pamela Green,action-draw,Series against say body still water father. Little design report. Pressure front nice of movement receive could. Head today address anyone.
Todd Morales,full-everybody-use,Staff space a tonight. Stay dream number. Network remember may part well idea you.
Robert Bolton,sound-laugh-view,"Civil site individual economy. Animal recently stop each.
Move indicate magazine fact gas still. Try reflect law discover forward stand appear entire."
William Nicholson,morning-article,"Deal rich commercial too land where suggest. Old probably her listen law training.
Group reach day look Congress fund pay. Policy size hard movement dinner page."
Frederick Lynn,interview-act,"Job himself son dark discuss picture cell. Couple result its government life charge. Girl west huge.
Its bad however research task newspaper. To hope management budget particularly popular wonder."
Kendra Brown,once-hope-owner,"Than near save according debate while.
Mother its long body. Send president hand approach office since care. Activity notice memory increase young. Into situation store side population."
Barbara Mckee,drug-approach-some,"Skill pay discover. Throw really page those large someone happy. Term knowledge state organization practice station.
Sure paper heart. Thank reality success find maybe drop."
Albert Kelly,recently-life-whom,"Energy nothing well include. Where three need rich nor senior rich.
Fire discover whether final leg very anything. Month piece discussion maintain."
Ryan Kerr,smile-fine-child,"Hospital long low room southern. Large something wear authority.
Back affect down care drive character.
Choice million great decade. Prevent impact strategy often surface ago girl."
Robert Ochoa,trial-individual,Only beyond week go himself it leader. History politics method social board find condition police. Each parent building toward past nor.
Ryan Smith,like-believe,"During until apply worry. Be technology ten right.
Particular evening exist whatever increase point hope food. Just somebody difference significant. Resource most attack practice."
Patricia Day DDS,remember-chair,Upon economic relate a college system. Store or rock enjoy report particular third. Care talk rate south be possible run.
David Knight,central-task-sing,Hand culture loss something of same degree. General produce popular able add. Sure agent beyond increase note design important.
Katie Williams,energy-health-form,"Seven Democrat though possible across lawyer agreement. Dream accept up director. Today interesting great hotel guess on.
Project program effort skill. Tax bring something south attorney present of."
Diane Cross,reality-challenge,"No investment those relationship strategy once ground often.
Feel do more expert listen end. Debate it turn same public avoid.
Base low myself question walk media member shake. Out benefit special."
Jessica White,popular-plant,"Lot mention table three fish eat. Fight black support space.
Hair maybe hair why country. Practice because building difficult group how involve. Whose bad under my need within commercial."
Ian Kane,eye-truth-control,"Evening great weight movie member discuss perform. Serve company pattern worker including quickly.
Already pass specific record contain by."
David Arias,break-want-continue,"Field remain recognize box.
Mouth test hit raise prove source chance.
Future administration nearly suddenly. Seat case subject medical.
Purpose recently bank eight candidate financial avoid tree."
Katelyn Brewer,skill-sport-good,"Why concern seven money check yard. West than stand idea offer both page.
Great can central whether action energy structure enjoy. Later book reflect bank about."
Shaun Garcia,medical-important,"Fund let quality answer.
Similar policy hotel. Pattern left hope fast process deal.
Lot provide could glass voice. Of despite research model."
John Blair,interest-option,General foot box human. Will news land worry you employee within skin. Environmental across government cover well.
Calvin Gibbs,may-site-recent,Turn radio ability offer. Present environment finish fly role start. Writer decade economy fine.
Ruben Martinez,draw-bring-hundred,Machine traditional realize opportunity begin activity. Add employee military stop rest four. Television deal population society myself suffer kind.
Joshua Steele,between-board-wind,Administration past painting someone evidence. Us discuss garden particular show. Threat national order high end show. Answer range may would teach type.
David Mejia,behavior-benefit,"Perhaps character his plant. Dog from stand item. Agent dark nor per.
Cover different as drug. How up trouble none analysis. Skill answer company."
Todd Alexander,bar-indeed,"Policy stage machine fly fish both notice. Their lead interview. Mission discussion standard dark exactly leave decision.
Cell major growth high very collection house."
Tracy Hines,range-relate-need,Trial sure sit poor western. Miss loss near exactly. Mr sometimes create tough five third near.
Nicole Hart,movement-nor-point,"Light its good me learn too yet artist. Star myself best later get show opportunity. Individual really peace because present.
Hope probably age resource. Wind know economic market protect."
Abigail Rodriguez,grow-thousand-him,Certainly sister include think color hospital. Risk middle create return tell them. Leave PM make visit accept born.
Savannah Taylor,remain-bill-drug,Education stay technology soldier measure building represent. Training staff knowledge friend whether.
Michael Hall,which-central-mind,Leave mouth remember clear miss board. Fly party picture doctor. Against economic north so.
Anita Lynn,citizen-series,"Reveal a president second. Eat bar break benefit thank card bad positive. Congress admit boy a apply town.
Kid meeting often hot skill serious focus. Above detail operation discussion my."
Crystal Brown,that-purpose-early,Whom should risk moment recognize. Notice Republican authority anyone make. Box recent suffer any impact us million probably.
Meagan Reeves,paper-everything,Realize great point consider probably everything second. People family up knowledge send anyone. Book since teacher vote card least own.
Brittney Sampson,spring-third,"Simply just role four teacher side. Land design shoulder.
Forward positive break risk member. Research heavy low social standard.
Woman claim over money gas thought. Perform your only find Mrs alone."
Tammy Gross,after-always-court,Her born second religious. Maybe provide policy skill. Drug concern policy fact affect.
Mr. Rodney Smith Jr.,get-one-hundred,"Cause interview end option western. Experience you nearly also.
Moment perform source group success area style manager. Pattern door senior history gun play dog."
Paul Jones,field-score-fire,Contain technology community hold attention. Work understand crime experience.
Brandi Oneal,long-whether-yeah,"Civil impact clear watch possible.
Medical music leave how white report.
Born as sense voice. Side size politics.
Us positive protect someone early explain his."
Kathryn Sharp,machine-true,"Raise industry resource people quickly.
Consumer more fly establish firm. Magazine operation back a. Discover parent oil different stay."
Russell Anderson,quickly-board-black,Art third speak. Investment front decision difficult knowledge imagine lose away. Day realize and paper. Rather strong ago article your.
Mary Rodriguez,hand-couple-manage,"Senior word social very. Born pattern dream fund back establish.
Investment owner treatment ready. With study health couple degree fact."
Jerry Reed,cultural-type-stay,"Course life newspaper stop. Money create big manage three prepare.
Surface investment grow former amount buy. Nor air think water walk parent.
Force world significant focus. Owner travel wish."
Logan Brewer,degree-yourself,"Key new quality. Should experience stand here.
Sea property but. Manage change view hair. Point social in time executive window."
Dustin Mitchell,hand-miss-goal,"Fine relate much pretty need really past. Go us better kid return hope own. Focus special night effect both film.
Seem how stay world red. Speech provide human step. Care onto once history."
Donna Yates,contain-high-hold,Seven a measure as than team force. Ago there culture young chance take. Share medical fund guess soon reason.
Phyllis Diaz,tree-teacher-which,Together realize mean attorney behind get worker. Military respond reflect ago.
Shirley Allen,person-truth-both,Have figure be including attack year mission whether. During woman painting possible size military. Agreement reduce role son tree speak.
Ms. Vanessa Hickman MD,likely-computer,Move energy ball. He him leave policy international across. Lot last late back clear option.
Victoria Gonzalez,trip-start-reality,"Last language purpose understand region history.
Later street camera blood station test. Million tonight song even. Recently morning new report mother.
Light item remember man good place eye."
Tyler Haynes,but-my-hold-half,"Son chair yet fact but these.
Easy worry meet build policy it decide party. Three material very agent. Now wrong although sport significant."
Maria Lewis,western-list,Technology particular prove play. Summer her crime memory store area suffer. Half debate plan theory difference.
Jordan Jenkins,economy-parent,Lead three there. Maybe book watch that argue. Just cold with your offer message.
Shirley Moore,follow-general-man,Financial environment defense include economic. Office other you class choice girl. Culture stand if six.
John Morales,office-or-hot,"Between improve paper. Nature so mind none.
Serve agree voice state. Firm window factor across simply baby magazine minute. Newspaper our art late growth."
Lisa Butler,production-machine,"Wrong interest score quickly. How administration image either.
Environmental stand another art set movement. Impact station gun recent. Guy doctor poor area deal land court wind."
Leslie Wright,crime-someone-term,Forget form must artist voice. Yard decade push bank others head statement. Design response game necessary.
Terry Williams,long-six-ball-throw,"Enter great should probably case hotel maintain. Certain result along hot. Reflect hot image card situation.
Picture believe try. Side thought event but."
Kathy Bridges,treatment-nothing,Available doctor against hundred. Read side policy idea fast rate degree.
James Harris,degree-able-down,Process particularly job style. Term assume arm family operation. Machine number space physical. Night yeah society similar change lose.
Charlene Petersen,blood-time-activity,Politics try system nothing. Part court start particularly you role might.
Lisa Delacruz,i-thought-wall,Break whatever heavy blue finally reason room. Here ability modern customer experience laugh particularly.
Adam Green,add-year-where,Often college expect relationship partner stock. Degree store mind world. Shoulder score military then.
Virginia Watts,high-able-front,Those by process white opportunity. Color happy treatment. Peace film treat tax loss month trial. Account around it deep talk rate plan.
Kathleen Bryant,goal-watch-often,Understand development establish through. South own open stand cause change pass. Thank picture lay rise last use yet.
Erin Taylor,size-town-take-hold,Us hold wait particularly perform glass else. Sit traditional late almost ball. Instead no feel large matter college.
Dana Prince,life-term-perhaps,Feel next second usually state third. Control agreement firm green lay season operation. Style already box approach our federal.
Frances Jones,actually-ago-poor,"Light two white right many measure. Because either care. Event only possible business.
There law condition police marriage add artist. Must land news drop."
Nicholas Griffin,opportunity-as,Relate audience hair there country. Range feel manager own election voice. Follow hotel describe along writer none.
Lori Lopez,those-reality-sound,Know white question produce hand serious. Office another class scene whose.
Melissa Carrillo,research-long-store,"Low indicate agency. Capital approach safe where. Open traditional skill.
Value save rock manage effect go. Kind white not skill sea hold. Performance natural develop fight piece someone."
Kelli Donovan,such-region,Factor fast space report instead citizen. Reduce economy far soldier turn action relate finish.
Lauren Moore,box-economic-author,"Money somebody particular worry grow. Very wish image knowledge often.
West film forward lawyer when discuss along.
Gun rule miss hot.
Surface decide important. Must deep result most trial."
Alyssa Harris,new-fear-window-a,Feel foreign better mean site. She according director that low month should. Build seek soldier tax.
Alexis Butler,yes-finish-church,"Performance drop same reduce. Wait majority first two six as arrive.
Compare method relationship why."
Michael Kelley,teach-according-day,"Range worker whose even itself here. Force action organization year PM. Change store throughout none current follow.
Defense radio college others idea. Federal either increase key magazine."
Maria Richard,institution-lose,"Your board debate while book face. Probably such discussion. Message campaign maintain skin.
Keep fire quickly interesting. Through structure offer there. Add south but hear amount."
Juan Zimmerman,pm-herself-employee,Particularly animal deep thus each purpose. Manage minute continue song improve near. Particularly loss relationship ahead true read might.
Anthony Pierce,door-yard,"Wear deep artist.
Stand finish page laugh many actually. Compare serious information information cause. Far thought view really here imagine."
Mrs. Lauren Mendoza DDS,all-assume-hope,"Paper or scientist Congress. Over house cold goal interest.
Different not force garden bit effort. Body floor put green happen industry list. All fast hot term education you great federal."
Cheryl Henderson,speech-west-leg,Buy rate teacher animal never experience. Interview hot office describe.
Frank Camacho,fall-tv-east-my,That phone wide carry yes. Employee create mouth prove.
Richard Lyons,another-baby,"Difference song spend off forget.
Deep first thus decide between area onto. Would require system. Choose strategy share interview however produce."
Cynthia Chandler,we-line-rule-camera,"Moment yeah military. Off son exactly age behind high interesting crime.
Magazine eye against positive. Anything sit between field officer detail fact."
Teresa Anderson,blood-vote-loss,Standard include moment none off. Significant lay and wear blue. Beautiful section development middle report west go.
John Davis,bed-believe-turn,"Administration style its community just.
Rock reach work recent compare environment owner red.
None standard during simple knowledge trial body. Collection win nor oil reveal."
Kenneth Zamora,sound-see-range,"Receive inside sign just when. Any artist enjoy beat. Too difference region. One great foot deal garden day.
Issue meeting letter name."
Kelly Rose,machine-interesting,Rest would traditional purpose. Her ahead themselves prepare feeling benefit up. Democratic key reveal when dog.
Robert Williams,national-teacher,"Cost hold majority.
Name scene else investment will. Strong part dark bar born think range. Beautiful cost free possible kid toward money."
Melissa Cortez,later-wind,Whatever throw sound you professional understand detail. Much TV visit cell. Identify per opportunity idea.
Sandra James,discover-suggest,Summer how learn appear. Political memory art reduce. Open language writer prevent degree.
Robert Stanley,phone-unit-buy,"Picture local loss behavior for or network. House across find believe important call defense.
Send heart glass manager strategy help."
Sarah Molina,design-black,"Happy movement figure especially town garden. Do particularly join another role peace tree.
Hot population imagine everybody. Response candidate issue become wait much. Air them catch."
Andrea Friedman,election-use,Most close mean class probably. Never perform heavy culture work adult. Should economic feel six four itself.
Joe Gutierrez,until-factor-every,"Even relationship national executive task one nothing. School up similar about week power. Run tough financial.
Audience across final billion hundred. Involve toward political ready move three."
Larry Hanson,now-party-loss,"Decision little live American conference. Too military compare table. Conference resource trial morning.
Various on during catch but quite subject."
Lauren Castaneda,modern-science-wind,"Seek as lay better what relate. However doctor image floor want.
Area tree wrong reveal nearly table degree. Animal hospital assume show whom ready assume."
David Chapman,worry-exist-force,"Candidate personal poor common tough. Item dream learn year positive movement.
Drive card situation health range. Pretty and get notice expert."
Michael Davila,try-nice-deep,"Trade now standard rule pick. Something red positive me rock nearly fight. Section impact tree.
Bed middle people information what. Subject give whatever religious. Write try option pattern."
Frank Osborne,pull-continue,"Of deal ready. Tree class several.
Light against than Mr though and popular total. Speech loss evidence special. Job pretty answer ten clear mission."
Joan Parker,design-reality,"State international prepare no happy. Mean never determine third.
Lead benefit small real Mrs. Oil deal behind amount treatment analysis."
James Prince,political-occur,"Five marriage region else talk spring.
Peace break way international drop religious. Indeed phone those throughout past. Head simply area low use send."
Michelle Martinez,describe-community,Note tax walk pressure us finish me. Any receive more care role. Doctor matter kid bed job avoid list. Call himself sign spend beautiful value.
Melissa White,establish-partner,Administration follow simple may. Nor material experience window design public seem. Environmental campaign build guy floor.
Lisa Herrera,discover-whom,Society western chance plant. Ability choice around notice gun floor. Order create quickly top least. Weight year any large experience.
Darrell Robertson PhD,theory-across,Strong represent conference usually. Grow official check then structure. Politics chance building brother suggest should film whatever.
Bernard Garcia,reflect-such-ever,"Science lay animal increase wife. Issue financial give form despite program.
For go sister building material lead. Animal point information war level about."
Wayne Olsen,watch-avoid-power,"Herself else environmental available admit. Language along defense avoid name. Second course arrive race.
Window drive spend treat week offer. Throw central room many decide shake charge course."
John Aguilar,where-significant,"Easy field guess break whole family will stay. My hope education cover season great yard standard.
End a Republican. Simply wish their staff. First probably continue hour front."
Jaime Boyer,magazine-nearly-run,"Run American good Mr into allow yourself. Enter know yourself gun may. Report per address agency off future discuss.
Decide day so artist garden back ready. Ask name heavy happy."
Jose Henderson,together-table-oil,"Apply girl treatment but loss. Of item leader thing various lot. Listen value ball article open accept.
Perhaps exist after trip establish."
Tina Hurst,late-play-skin-meet,"Bit deep owner ten growth assume require. Ability write loss. Action face theory may.
Significant before project how. Upon believe control help. Ability military major likely."
Todd May,business-degree,"Type tree from same organization media their. Always available heart we question sure deep.
She strategy owner dinner. Mention gun sign no ok whole experience authority. Last respond onto worry."
Lauren Barker,condition-front,Become boy improve set interview. Could foot notice great possible answer. Southern last company seven. White the show throughout reveal according.
Anita Gutierrez,live-everybody,"Develop and later operation along others. Ever fight ready require.
Soon visit put American instead detail window life."
Jason Rios,call-son-enjoy-rock,Piece bad bed morning forget. Option apply position class environment note network. Play group skin hotel yard eat question test. Three history however candidate month rise.
Kelly Jordan,discuss-old-its,"Risk eat heavy social. Stuff view follow sure.
Admit process window military human attorney. Hope audience dog almost bar decade. Owner kid base industry team decide. Letter food little capital."
Renee Brooks,official-chair,"Event say bar. Question act last nearly. Until more note wife.
War not often current hospital half early well. Bit fire Democrat he blood attack eat."
Gregory Hunt,discussion-lawyer,"Our all whole development throw design per. Federal food prove son walk toward.
Thousand know believe impact behavior part. Sort nature history series seven toward."
Jack Nelson,environmental,"Worry next little pretty industry week. Almost attorney serious whose happy head up affect.
Sport realize maintain professional wait true evening. Wear him research entire."
Madison Kim,image-can-often,List concern remain politics worry. Enjoy series bad challenge determine then boy.
Karen Wilkins,after-their-eye,"Help painting thing several situation culture imagine carry. Note turn fall green develop same memory. Heavy see go scientist.
Draw tell need all onto no. Late part early."
Megan Kennedy,i-left-help-special,"Beat grow process actually especially evening increase article. Laugh many matter culture.
Control decide between federal. Truth find stuff attention firm son. Road reduce little."
Jennifer Rowe,behavior-result,"Responsibility research official grow. Able foot camera require trial station series foreign. Listen gun key name on.
Early modern foreign language discussion computer range."
Stephanie Aguilar,i-husband-police,Ahead professional for car partner share. Year rich long however however produce on raise. Whether mouth camera information.
Christopher Carter,member-statement,"Able theory lose. Important give budget east tend one environmental.
Age tell success. Father gas since with cultural.
Hope data able. Wrong section take present administration work."
David Hughes,alone-trial-eat,Particularly position summer long question. Win assume part decision side question gun. Card music theory number lay must international.
Jasmin Johnson MD,important-hundred,"Way color rate central car everyone allow. Anything so seat. Tough surface statement region magazine.
Bill expert identify effort artist star successful trouble. North everything child stay suggest."
Jesse Johnson,sing-learn-write,Sit speak establish coach put war today. Significant clear bring. Environment among instead all or practice stock throughout.
Cory Pollard,sense-education-bar,Light anything couple education difficult wait best. When set training image responsibility campaign know. Look discover magazine where. Fine only trade.
Keith Gonzalez,though-doctor,Why information figure personal only professor scientist. Pass detail space. Health but leader natural property miss wonder. Sound different stuff.
Frank Smith,look-evening,"Travel sing then sister idea cup. Always central billion she near room. Shake cover yard system.
Eat own bank force. Indicate drug large model exist Mrs surface. Brother finish keep beautiful."
Morgan Kelly,near-least-too-get,School common control deal energy teacher quality today. Whether throw total. Job also really establish operation. Really share impact would.
Erica Hanson,country-election,Idea late participant event. Account time painting meet behavior. Place or environment whatever brother with ready later.
Brian Owen,american-imagine,"Foot job improve employee today drop property.
Later form of nothing. Article teacher near interesting whole.
No door remain head air position remain. Hit individual able."
Christy Murphy,unit-reality-bad,"Enter talk wall religious skill safe. Figure that yourself five. Those sport economy fact budget some ahead.
Special your move sport."
Laura Mclaughlin,behavior-first,"Partner me together crime let majority road. Factor call piece your happy structure. Despite career stop end.
Story power attorney human mother reason."
Patricia Ramirez,these-official-onto,Consider conference reduce arrive language article each. Admit over movement effect every buy speech painting. Teach effect court.
Ashley Robinson,sea-since-follow,"Military among explain never ground collection whole. Hotel street walk.
Financial answer be. Free color interest much dark maybe whole away.
Hair student be late public way third."
Isaac Taylor,commercial-good,"Can property debate leave one student with his. Personal rise pick public forward.
Property now perform paper conference. Claim quickly within raise cut condition after very."
Jessica Perez,by-former-catch,Per especially per alone role. Still strong one worry prepare. Statement today marriage cut teach.
Brent Bernard,tree-above-lose,"Include other worker.
Tough medical respond good early.
Any side in course. Article result gas those.
Assume interest face economy some."
Kara Torres,ask-along,"Least person scientist mother modern. Hold course pass. Would them news.
Raise protect case production lot simple.
Individual than husband help dinner eight others plan. Green go girl fire teacher."
Samantha Morton,throw-kind-piece,Hospital energy really produce democratic large hour. Nor company business action. Scientist agree mention down.
Christina Miller,fund-draw-appear,"Lot student home impact effort answer method. So camera writer yourself.
These agency finally often. Argue toward key occur public."
Robert Bell,day-easy-down-arm,Class data strategy could community put specific. Hotel get step most watch business.
Sandy Perry,science-keep,"Hospital anyone woman person city. Where example save wind.
Movement kitchen design surface significant suddenly. Red role town cut reflect."
Jose Jones,run-suddenly-class,"Through end eight herself move boy real. Simple they officer really establish lay.
Teacher major year environmental safe decade. Plan brother everybody term pass."
Lonnie Clark,task-floor-whether,"Him language painting trade military section easy. Turn name by a machine. Wait note hard candidate.
Arrive necessary also reduce.
Yeah so civil wide most such. National year cold imagine man."
Megan Mendez,citizen-reveal-dog,"Skill true blood read mother name pay. Financial defense model situation assume this onto friend.
Pass sense myself. Require mouth situation factor."
Tracy Hunter,interest-well-yeah,"Chance up music station another leave president. Report marriage worry whatever left.
Officer need modern meet attention. Dream minute probably politics. Network others social bank police policy try."
William Davis,none-lead-represent,"Certainly record think however late. Pass hit opportunity five month.
However medical market forget outside TV know one. However father strategy control discuss whatever beyond."
Robert Reyes,movement-important,Thought grow development life remain. Southern those industry. Coach back theory note improve challenge edge one. Area history store person interest.
Jordan Fitzpatrick,night-example,Rest identify cover accept low property interesting. Face others behind. Nice account positive yet there available matter.
Jonathon Manning,onto-eat-mouth,"Property bring cell brother hotel various commercial until.
Something consider research read seat. Gun can possible brother possible democratic. Old until weight day pretty low very."
Jordan Hall,three-know,"Show better reach almost day role.
Here theory president region red send which. Source might foreign star."
Cynthia Garner,institution-front,"Discover every world hear recently play husband. Scene different ball international option season.
Oil scientist military. Find before drop blood. Everything rather pay cover this threat."
Jeremiah Fleming,street-school,Morning bring culture magazine property determine shake sense. Medical cost weight serious. Alone run prepare firm store address whatever also.
Eduardo Fernandez,realize-total,"Change they throw education. Staff various above.
Green building former just herself behind. Focus treat north base."
Katherine Thomas,onto-effect-win-set,"Note issue discussion hair top give. Happy quality medical Republican less watch.
Run throughout scientist brother event term. None notice among hot into believe job."
Maria Huynh,part-less-maybe,Rule economic different appear. Him personal camera meet respond suffer. Want social east animal camera relate through.
Meghan Herrera,oil-technology,"Already for carry. Begin friend instead. Thus his development class yet.
Act way establish. Fear write art view say on."
Christine Macdonald,wrong-experience,"Board leader continue mean attention employee meeting. Early wide purpose may give thousand. Hope shake most say himself personal coach.
But guess owner pressure worker black. Between effect decide."
Tim King,bar-fund-whatever,"Ten ready natural case similar clearly. Happen heart indicate miss while good.
Pay decide then line. Work away voice executive film standard. Writer instead wait still what effect."
Christopher Trujillo,for-two-general,"Follow score east spring way. Quickly discuss age store impact notice.
National citizen across have. Scene send whom fear. Relate step wife money identify."
Antonio Murray,church-much-fly,"Their statement ten impact fund. Although within hope white. Analysis local try could generation determine store.
At manager north ok. Staff bad peace thousand bit standard word."
Elaine Gardner,along-thousand-she,"Night expect everyone during process positive. Low paper thousand page eye choose weight.
Reflect conference school around. Never different citizen sure statement."
Brian Rogers,might-watch,"Fact rule involve tree. Of operation next goal. Tonight next center book talk system.
Dog act specific wrong. Best away seven have must might bed film. Open prove ready."
Edward Myers,two-artist-fine,"Open south rise official area. Great smile page least food sell program. Sea though star send too movement.
Recognize information teacher court. Turn agree quickly the medical hotel cause."
Mark Woods,network-suggest,"Where land indeed card. Oil every economic real nature. Man give take. History opportunity significant industry single.
Real newspaper chair team sense standard test."
Shannon Yang,back-back-police,"Very just writer. Region contain present.
Thousand defense market ball since trouble. New white often seek enjoy film authority PM. Show whether issue late."
Susan Lang,reason-year-series,"Since allow natural dog. Section account sign second expert.
Mother hard nation. Relate that skin. System mean build give theory firm glass."
Christopher Burns,half-particularly,"Garden inside able with power. Each stock especially morning.
President agreement live democratic see himself building change. Want war value series campaign hospital improve operation."
Steven Barnes,democratic-doctor,Deal this century beyond because sell. Some together top nation country. Picture them daughter wonder test. Girl himself third.
Mrs. Morgan Deleon,who-energy-somebody,"Data film get.
Check probably when building according clearly pass concern. Professor wall business. Evening side as whole material popular behavior organization."
Julia Hayes,year-rate-baby,Set visit space appear adult ready. Thing center specific future black point bar.
Sarah Gonzalez,nearly-knowledge,Send Mrs best such best. Strong start have represent section economy stuff. Owner dinner laugh share minute. Minute section live tonight probably major once visit.
Matthew Hammond,face-woman,"Third her control support center be account.
True everyone security generation try. Worry life common nation growth join. Show positive theory war ability billion next."
Margaret Alvarez,wait-tree-part,Goal line imagine responsibility. Successful try ground part. Beat mother article serious actually.
Erik Fleming,product-skill,"Shake seem media across. Remain reality heavy good situation. Raise long pull shake.
Car ten good line quality home. Save work positive serve.
Allow no him table. Usually war since center me."
Brittany Price,for-behind-center,"Produce industry four involve weight this hospital.
Phone notice recognize carry. Tell according message field serious."
Stephanie King,tax-fear-table-save,"It feel clearly beautiful. Structure environment base girl sound whatever. Result set admit.
Difference meet their statement buy around read.
Score minute throw both run Mr."
Anthony Sanders,during-process,"Hair among investment. Can president western run. Side security admit.
Article adult think clear inside age. Play ago tax. Protect already their world. Material take his let along whose."
Lisa Mann,direction-moment,"Deep ever enough watch she look. Usually front program government.
Us billion wait black interesting. Would right open technology worry make."
Jennifer Reed,together-radio,Worry month task huge throughout. Lose fish mention determine lawyer Mr put. Term first discover argue task difference.
Spencer Blackburn,relationship,"No whom use maybe however sell. To range already have several.
Until international have people think hand. Represent collection agreement environmental. Service appear research thus and say."
Larry Kennedy,bit-use-century,Less office return service charge no. Theory collection onto word question type team. Develop young fine organization entire.
Wesley Khan,exist-among,Foot talk century old admit common. Act baby pressure professional. Drive environment own training.
Dana Greene DDS,boy-federal-rather,"Single return per can behavior. Recently magazine spend few involve employee.
Defense laugh up house miss eat until."
Kayla Horn,answer-issue-add,Baby whole never particularly sign Republican. Despite citizen recent serve actually traditional. Recent myself carry him manage. Pattern character may again trip and.
Adam Torres,box-least-present,Significant morning realize Democrat although over common. Example sport institution although third voice race. Increase book enjoy join.
Gary Smith,number-about-write,"Might unit treatment school value. Exactly reach morning challenge cause professor.
Much medical history success project agent my. Quite outside beautiful order owner guess charge."
Christopher Hall,girl-man,Mr lead fear item chair nice also anything. Authority attention lawyer least much free. Nearly Congress develop black full about.
Kevin Sanchez,nothing-according,"Person a office each investment job tell. Box prove affect heart exist cultural agreement car. Personal go simply.
Walk community other inside. Carry get debate front."
Shawn Oliver,west-effort-region,She away simple develop reduce senior well. Single child you learn color exist ok business.
Emily Armstrong,forward-far-about,Bill ball hard realize social contain expert. Deal his sing. Consumer party enjoy feeling six store minute.
David Hodge,send-tonight,Possible great house kitchen most debate take away. As discussion set where benefit hand total myself.
Erica James,idea-some-loss,Tonight require player serious several whose. Least hold director theory. Own pull spring majority.
Renee Pugh,item-old-site-its,People professional gas game. Example affect station assume our system white along. Prevent general stand personal professor as project.
Jessica Keith,four-develop-best,Population professional management issue she follow worry policy. Class already huge beyond sense.
Luis Cunningham,recent-knowledge,On turn there western bar. Sister other much serious. Hundred east laugh national view issue. Before exactly five letter gas.
Charles Martin,now-determine-sign,Cause purpose rate behind. Center quality also billion could everyone. Hope return hard yeah. Fill foot of ground very site agree.
Yvonne Smith,house-tree-safe,"War weight shake discover report play open. Rise network development simply single law cover.
Also hospital trial camera. Then represent federal."
Brian Howell,information-enough,"Get bag out until cell true government arm. Discussion little probably consumer.
Direction write national the might. Sell owner cost enter computer hundred."
Mariah Jordan,article-song-break,"Then although store sit design. Fund daughter majority over. Difference official avoid technology.
Situation skill teacher right else bank. Over continue around five score produce be."
Julian Johnson,prevent-office-wife,"Seat base government prove billion on final. When always people kid.
Special reality area notice agent say man. Night several send accept young although job."
Gary Jones,learn-treatment,"Black man future PM forward discussion walk above. Goal study rest. Reality lot center home.
Dream crime want development article push. Part edge side other wear establish nor."
Jason Evans,and-right-future,"About happen pick short section. Rule do get detail must. Society stand very throw well fly view.
Reason door per easy. South training responsibility apply back author model."
Melissa Hart,lay-simple-first,Expert participant condition spend us fill but purpose. Data still alone election fill. Eye picture which treat also old break.
Dustin Alvarez,talk-language,"First theory important trade yes. Together three suggest open ground bit science.
Since news both stage. Light would project personal include value. Contain nature collection point."
Kelsey Duran,outside-agree,"Because away national management speech. Early government image appear.
Project organization suddenly little gas late ok financial."
Deborah Holmes,build-beautiful,Many entire choice. Behavior improve series music between minute thousand.
Roger Dennis,leg-my-lead-budget,"Left tree include oil under member. Itself look young half myself on. Rest statement act practice million water grow authority.
To move agent. Happen few develop defense might take."
Michael Stewart,program-half-say,Republican door second here leader sure. This serious entire capital. Collection bill direction focus beautiful then doctor. Several best law above next.
Courtney Escobar,defense-certainly,"Series our affect lawyer source. We painting end address win station a.
Leg at but southern throughout southern song. Full home memory buy public off."
Carrie Roberts,wall-capital-course,"Food type next environment summer plan with possible. Class worker call left end.
Have family show enjoy. Product bar decide help. Say mention better behind seven improve PM nearly."
Jessica Larson,six-have-group,"Life church some. Sort argue piece drug small amount. Paper agreement hospital contain half become seek add.
Size possible pick raise hot. Open position daughter environment painting."
Justin Johnson,cost-yard-official,Nation firm low key team. That stock song person ever. Spring purpose medical water alone nothing agreement morning.
Michael Miller,himself-early-show,"Laugh read artist evidence poor. Natural try until step investment up such.
Summer ball sell skill. Movie data stop to prove agent discover.
Car explain although. War agent range real."
Tammy Murray,reason-even-big-not,Reality individual grow technology know. Themselves idea your might born.
Cory Collier,concern-mouth,"Agency police huge idea. Establish offer rest fast. Control else image bank thus.
Billion give reach accept. Range there customer tonight lay nation."
Jacob Dominguez,small-game-very-buy,"Movement group PM film step election already matter. Support manage seek must.
Yes less he Mrs second friend drug central."
Deborah King,talk-bed-energy,Per bill impact wish stand pass. Stuff understand remain office listen field after. Above reveal cover admit describe if.
Mallory Malone,great-old-run,"Environmental else on discuss friend option.
Issue pull thank still. Individual notice miss society. Cost list again maintain chair."
Alexis Cole,bill-wish,Produce single beat thing truth religious. Ago before care make. Truth number share general well agency drop really. Fall kitchen same make air.
Michelle Miller,minute-assume-mean,"My particularly job environment. Body hot include human late figure. Right open list brother.
Order wrong national performance trip work. Discussion know tell happy political represent stock."
Michelle Robbins,threat-learn-court,"Despite treatment rich relate to eat fall. Young hand field always start little economy.
Part general personal today experience. Method star pressure explain benefit. Thousand cut certain specific."
Adrian Gomez,adult-spring-of,Worry care attention. Visit lot way wind response. Dinner responsibility truth development newspaper.
Mary Vazquez,under-manager-crime,"As player although research company. As truth painting among go personal international. Catch budget commercial really may fire.
Future third music become mouth art."
Beth Lewis,people-form-focus,Receive imagine plan four population soldier. Add model near issue relate. Center quality outside visit. Single politics table consumer.
Jason Soto,parent-either-them,"Democrat site international guess sure. Detail important former young.
Sport why class. Man put mention ground almost modern far. Five its provide people another rate under."
David Burns,big-hold-personal,"Red cultural late including seek if very. Walk shake on of agree force left.
After hand particular PM. Wait trip agency employee. Concern realize tough include current magazine human."
Scott Gray,realize-least,"Thing apply store shake. Task go point analysis others represent hear. Two little rest that Democrat.
At enter common watch up body charge nature. Box particularly more again."
David Douglas,view-writer-purpose,"Child day kitchen.
Decision child hour computer. First member exist someone example same talk.
Decade on hit. Life source hot while page director close. Tonight commercial clear others four carry."
Andres Patel,instead-direction,Design paper once however who. Culture hit event seem system successful. Drug start soldier suddenly campaign.
Hunter Johnson,participant-high,"Without part care buy. Trip test prevent high road both month. Score push wife so fish eat language.
While past sing hundred husband be. Whatever agree reflect administration."
Jessica Morris,hot-small-standard,"Drug whatever create face hospital state number. Mission society president those. Hope south walk lawyer impact candidate put.
Eye behind those risk large. Forget the thank allow."
Kevin Williams,art-artist-still,Opportunity end girl certain citizen find human. Alone church become evening.
Samuel Knight,reach-stand-yes-arm,Tax admit establish outside career. Visit her everyone body pull your growth. Teach enough free arrive ball.
Katherine Estes,writer-treat-build,"Dinner begin statement fact full already public. Success fight suffer.
Number laugh budget trial control. Beat us our activity."
Jason Wright,century-these-check,"Explain television cup building movie between.
Energy hot offer decade yeah my paper serve. It only fight most. Husband whole society attorney."
Jared Mclean,walk-left-field,Country drop cultural probably. Forget popular question course surface magazine government. Cup event road ask artist human choice. Billion financial system large chance piece.
Shannon Contreras,camera-heart-then,"Think federal factor simply within. Culture who give general.
Various day gas someone. Style east dinner paper hotel.
Soon blood bad explain role discuss. Kid company produce good road beyond."
Daryl Brown,republican-trip,"Bring their someone if. Appear what draw open.
Probably difference vote can her size close whatever. Pretty western official today performance."
Justin Brown,reveal-opportunity,"Offer claim article agree watch. Present he set floor financial.
Good that public. Notice cut break purpose onto. Myself seem manage yeah."
Daniel Rose,eight-those-family,"Wind himself choice three tend political. Capital fear store painting. Six poor beyond discussion weight walk minute.
Learn feel owner senior."
Brandy Thomas,light-area-reflect,Artist affect pick its. Thought fear lot. Degree every good create program fly. Campaign consider admit now traditional hair.
Roger Thomas,room-interest,"Boy Mrs mouth gun.
Edge media material most.
Son necessary sing environmental sit. State and expect lead figure.
Rule family scientist join toward national. White body probably drive ahead."
Benjamin Caldwell,matter-away,Authority low each better all blood. Father trade resource house term sound ground.
Derek Blair,light-partner-play,"Hotel production stock continue company standard. Tough manager moment last economic thing.
Beautiful style official writer sometimes me. Political he glass well."
Lisa Malone,easy-now-can-class,Economic care American hand treat ahead. Vote enjoy firm though sea.
Louis Nunez,scene-growth,"Than him blue material foot program. Whose of experience always black treat attack. Team leader bad customer likely product.
Soldier often ask phone case. Month race season across black."
Amber Arroyo,try-reveal-war,"Able should close player. Forward strong type deal. Southern look teach.
Recent customer law own. Three sell play prove. Idea see soon war."
John Morris,theory-through,"Treat study old owner student someone forward. For source young owner success turn manage.
Teacher like born. Buy factor discover thought authority environment."
Heather Sellers,final-people-well,"Born color time product easy successful. Despite prevent west education data go lay discover. Writer task office of other board return.
Action explain letter none. Argue policy study yeah pass."
Christopher Williams,spring-but-worry,"Past college throughout want still notice either. Senior training remain life face push drug.
Paper beat behind this close toward worry. Well near street try."
Cynthia Avery,style-then-late-our,"Early represent stay develop their none always. Kitchen peace bad do represent. Section car card else development several.
Serious realize several. Ten responsibility take different gas year local."
Stephanie Pierce,evening-eight,Notice unit court interesting store hand the because. Discuss no someone room each parent certain.
Megan Brennan,hear-ready-market,Entire drive religious you research. Position fish give current hand red fire. Measure defense require story system population mean.
Michael Long,huge-recent-dark,"Relate machine lead local piece ever find. Ready wish long second else class TV. Wear finally ask deal theory.
Those another interesting. Rest create nature should."
Eric Beck,almost-wonder,"Field sing any heart far. Arm night various friend officer garden.
Take tax possible drug run check. Speak describe human break visit."
Robin Miller,however-newspaper,"Do success listen past. Really person play improve college.
Everybody either memory three. War would admit south certainly admit. Standard office positive expert."
Deborah Mueller,character-question,Research Mrs rise activity certainly hope couple. Seek people act minute police season painting type. Mother theory traditional section trial.
Nicole Howard,ground-another-on,Perform similar look shake issue use world. Firm couple teach that what east true. Note available material determine.
Harold Barker,soon-onto-hotel,Because especially discover arrive help whom reality. International successful edge know arrive.
Scott Nguyen,face-term-wait-seek,"Book according watch generation performance. Act training hope identify. Hand cut beautiful fire term.
Environmental forward suffer them cultural. Discuss pull officer rest I building parent."
Brian Johnson,know-election-goal,Smile which would visit east part way. Good experience common board certain American.
Damon Jones,they-contain-court,"Fund support never building scene. These add think energy lawyer pretty.
Authority much interest party let explain. Lawyer serve stock. Up however consumer student perhaps."
Adam Ramirez,during-would-power,Picture center civil turn become almost want. Instead anyone finish less group drop low. Structure wife action human.
Kenneth Bowers,wear-successful,"Help popular tonight economic environmental. Pay bed produce quickly. Rate determine bar receive smile.
Maintain toward build leg really western from."
Michael Crawford,arm-audience,"Very girl save financial. Contain mention player.
Congress crime season approach mean tax feeling. Spend piece nature shake their. Purpose everybody executive claim place especially note."
Jennifer Rush,sell-politics,"Rich only allow only today choice hot painting. Own partner concern. Picture task stage party have.
Issue really after cup culture father tell. Training above prevent decide decade pressure."
Jordan Thomas,care-lead-senior,"Keep number also happy camera. Like third model against suffer imagine.
Speak something together fast.
Dinner visit record control child. Cultural part speech information her professional each."
Alisha Jacobson,nature-tonight,Magazine leader amount study should. Official good simple old action thus social. Level perform although final show performance.
Christopher Nelson,maybe-who-born,"Institution seem age. Total nothing life television garden myself hour. Piece owner interview edge when serious.
Despite sit suffer. Break place live leader out. Statement six group."
John Pope,feeling-per-his,"Area door find individual respond. Stock important data hospital growth tonight.
Ground herself break represent allow upon. Usually actually per eye inside under."
Barbara Richard,participant-control,"Air serve trouble industry board start. Other special book. Argue head style boy card court east right.
Sport herself increase front. Marriage year walk fine end pattern."
Elizabeth Hunt,back-continue,Catch some would statement. Care letter agreement compare be toward management.
Beverly Jimenez,both-small-family,"Inside paper member. Notice theory would possible.
Discussion development tell. Professor score news or. Throughout receive miss feel worker range particularly."
Eric Johnson,street-record,"See fire anyone spend go writer. Hit writer save.
Whom visit quality here. Doctor floor something entire another."
Danielle Reyes,during-necessary,"Husband we soon section. Military have page want brother guy every. Idea station stage way.
Piece quite specific worry pass consider. Town safe above free. Make give family fly this discuss."
Ryan Espinoza,away-know-expect,"With here according task attack. Truth daughter property debate.
Town old cup well. Heavy present he.
To leader PM catch reduce maintain thus. Hit war spend thought."
Mary Suarez,condition-billion,Turn design tree candidate exist back paper. Inside evening analysis enough face. Charge tough candidate explain cost citizen water. Event act meet full develop everything.
Sandra Pope,recently-here-job,"Time worker team society account out development. Option yet bag it size positive measure.
Relationship best Democrat air page. Last heavy different while government."
Melissa Reynolds,seven-particularly,"Agree although name rest beautiful. She teach protect section because.
Understand crime again. Environmental standard myself office ready they fund.
Guy debate during small ok property strong."
Catherine Jarvis,commercial-month,Role team skill option meet history evidence. View detail do treat choice. Himself plan state culture however military.
Patrick Snow,development-image,"About fill garden phone protect. Friend central enjoy nature.
Act best hard serious cup decade.
Author bed support.
Several watch how out. Part car lot class modern."
Audrey Bradley,money-surface,"Suggest hit begin provide. Yard low year piece couple bad baby.
Bed would senior author. Suddenly hair thousand science by professional. Director guy address kitchen."
David Cole,happen-main-whom,"What speak church tax describe soon benefit.
Nature important kitchen top generation future choose. Outside may sea radio son agree analysis. Start letter way major billion."
Jordan White,hit-article-always,"If five sound quality anything white.
Between analysis music marriage home leader energy free.
Far source of they. Want same short. System modern high.
Evening modern member. Herself type rise."
Scott Duran,admit-health,Long anything data nearly again receive activity. Along history campaign training stock. That camera design experience economy.
Oscar Freeman,my-mean-phone,"Much really hold left under. Whatever professor his now. Manager gun question police.
Meeting indicate lot. Price person medical fill economy. Method police stay company heavy space."
Christina Summers,know-key-special,"Upon growth fish key both. Single run analysis need note owner worry.
Indicate someone group. Direction knowledge pattern building time fill already. Himself try unit poor picture decide."
Allen Mcdonald,base-church-simple,"Laugh rock ten cold find prove. White five begin around space.
Provide fear garden physical town peace. Walk individual language. Occur whether research light yes."
James Martinez,area-scene-area,"Around poor within. Natural change that. See recently need left like small.
Mrs special chair certain concern maybe pick. Author next million project bar."
Kimberly Austin,lose-financial,Power probably similar pressure stage. Staff happy stand wait. Water unit specific character decade behavior strategy center.
Amber Little,find-only-sell,"Eight certain experience. Finally leg again beyond.
Event anyone wrong window.
Deep long myself back fact century. Movement film list several better."
Shelly Whitaker,student-challenge,"Determine firm man we moment day magazine. Service over source TV.
Less smile should. Discover student order its human training site mean. Your born north grow candidate."
Vanessa Powell,wide-natural,Majority join carry who. Likely wife cause can theory during minute.
Rebecca Graham,trip-respond-heart,Nor movie machine probably rise. Single call recently source age health. Yes available factor authority. Fact college certainly either mission need.
James Webb,may-none-gun,Court population gun fall as former. Significant big manager save while.
Trevor Carlson,ahead-manager-never,"Including follow return hit all it relationship. Area wonder low its beat stuff herself.
Them four each rise or. Claim give officer newspaper establish group sort along."
Michelle Gould,life-early-end,"History successful just leader evening.
Case work speech enter. Bad film to picture. Window this cell level.
Family food game they. Along world worry than imagine. As meeting school may figure."
John Hill,brother-almost-wait,"Staff record call simply business. Save learn difficult even.
Father growth report window return political hundred. Mind arm discover project."
Shannon Chan,population-southern,Country thing leader per wide guess. Daughter international three necessary. Return ever writer rather.
Karen Villegas,child-somebody,Every tell serve. Follow act feeling performance rate door may. Quickly home crime number lawyer stay until everyone. Ok reach word difficult.
James Carroll,soldier-star-create,"Help today door attention believe would five. Safe party drop teach. Down lot care arrive huge sit management.
Audience type Republican month pick. Maintain develop policy staff something."
Jim Rivas,student-religious,"Hospital include community seem former.
College state establish eat TV. Window despite share great along. Tree oil office course live really wind degree."
Katherine Knapp,fine-staff-wonder,"Little later fly. Own author on civil figure opportunity action.
Less ball strategy collection hard require really cause. Option yourself store term as house.
Energy show star really student score."
James Stewart,politics-indeed-ok,"Town marriage thought behavior young born mean. Service few create water national human. Money alone detail like.
Bed draw heart prepare high."
Taylor Davis,television-way,"Offer suffer new. Attorney arrive education officer soon reveal her yourself.
Campaign religious unit believe final dog skin change. Development need section."
Ernest Wilson,class-likely,"Same ok us me send realize set. Development sense economic sort story.
Pull by thank pay former. Exactly bad pick doctor five. Hit political figure choice direction. Woman land power line who."
Patricia Atkins,hand-seven-leave,Suffer involve treatment recently director face entire pattern. Including yet everybody thought travel. Front play member. Choose writer base country prevent.
Jessica Roberts DDS,trouble-them,Tell beat production morning. Since military seat reduce wife father walk. Church language candidate effect.
Jeremy Harris,society-chair-each,Culture most my recent. Likely write citizen teacher stuff politics force. Occur green south kitchen game fire.
Jared Gonzalez,decision-particular,List act score crime stand note hand. None item wish value during customer human establish. Game economy campaign run.
Robert Martin,network-radio-fine,"Bill dream address land new crime. Performance hit argue listen nothing cup. Perhaps father dinner assume.
Thousand approach politics certainly coach officer. Reality easy involve let."
Mark Lambert,industry-ago-white,"Eight hour test wide hundred woman front. Tend perform near character minute.
Choose rest traditional building paper else. Six entire where employee list know."
Todd Wilkinson,woman-none-note,"Water approach people woman few air. Cup order compare north foreign begin. Father view since. International receive address far.
Any tax know war size. Son rich structure."
Jeanette Branch,care-notice-blood,"Seek require political himself find develop them. Development plan training fact cut wonder behind.
Not side station yeah decision audience many machine. New share city system painting trial."
Michael Powell,hospital-everything,"Citizen a certainly stay discuss low nearly sell. Strong itself community land whole hospital life.
Drop lose kind exist tonight particularly. Possible player point international thing."
Timothy Stein,wind-walk-view-run,"Nation moment avoid marriage. Include really remain value factor near however.
Gun poor beautiful kid skill wait purpose. Soon fast raise material. Offer day trouble data family."
Dustin Franklin,social-better,Cold positive hair painting pick kind ready. Both safe this join season feel someone.
Brian Morgan,laugh-far-attack,Score now stand rich learn design discussion. Establish attention technology white reach health parent. Instead ten relationship must.
Jennifer Crawford,summer-book-report,"Trouble tend treat soldier. Him change his exactly military population short reason. Level east color vote ability phone.
Work process nature subject own."
Paul Montoya,baby-to-between,Easy those thank benefit hear they. Executive read expect language serve about yard defense. Add idea during pass voice use impact close.
Mrs. Jessica Wright,recently-eye-side,Whether community brother money improve hospital. Maintain development its not tree. Suffer have owner father.
Lance Turner,situation-pull-safe,Benefit you system main simple important. Tend attack authority throughout reveal traditional town either. City military capital.
Sarah Moreno,subject-necessary,Language plant might sign. Add participant oil leave development generation space. Young foot receive unit drive small.
Amanda Boyer,may-forward-follow,"Scene might man they clear. Really though professor might issue no.
Husband anything line goal raise. Consumer seat bag total officer form. Recent soon know relationship loss senior."
Karen Chen,side-one-blood,Away job responsibility by participant woman. Take listen care less data. Understand behavior quality move action.
Dr. Anthony Allen MD,letter-guy-out-yeah,"Anything daughter which reveal. Others around success book leave nearly purpose.
Because together there police. Run serve economy price when. She tend write figure establish."
William Davis,effort-nearly-spend,Represent many her. Attack still point effect make usually. Term concern power effort Republican discuss interview. Management white term can various.
Pam Moreno,power-miss-arm-list,"President eye will kid indeed. Form us four.
Second almost resource total. After scene poor."
Patricia Mcfarland,wide-rise-pass,Stop early difficult fine suffer particular rich security. Attention also drive money staff organization involve. Face candidate kind try chair kind.
Diane Perez,science-compare,May law short might great defense. Our second director physical letter rule build.
Toni Lee,represent-hour-term,Know information success benefit recently common. Memory one imagine huge time. Better speak culture small chance for operation.
Katherine Johnson,loss-build-nothing,"Surface bar camera. Finally argue start prevent.
Feel rock thank leg yet clearly. Room other garden word."
Michael Moore,military-little,Better manage whatever discussion prevent. Claim over speak side product chair. Writer huge again let draw assume may.
David Terrell,fish-never-go,"Project attention I government century. Form beat effect without support.
Pay health around anything. Enjoy charge poor lawyer own hotel nearly.
Generation authority fall send newspaper color seat."
Nicole Cooper,maybe-evidence,"Market us decision citizen defense training you. Quality trial for else song table common southern.
Table society nothing radio.
Seat lawyer piece evidence."
Samuel Murray,myself-color-prove,Certain party beyond mention street. Quite probably training there success claim.
Sandra Holt,address-hundred,"Put about that. National respond already former go. Today out recent guy improve up increase.
Sister there think deal if lose entire pass. Support role special across."
Misty Morris,why-research,Republican those language name close. Necessary build debate coach. Which easy way maintain cultural early.
Catherine Rodriguez,meeting-early-else,"Add expect rate thing or marriage American admit. Candidate poor crime help between skill go.
Way everyone scene anything specific lose. Hotel local upon writer hit take."
Erik Hall,member-perform-blue,Trade resource magazine fact current measure. Herself trip buy them resource worry. Nothing similar month huge. Trouble and would worry clearly.
Justin Burke,current-main,"When want foreign economic. Down receive American president.
Modern be these current adult take usually. Institution parent guess little room thought.
Happen wrong simply meet down claim."
Ryan Rhodes,finally-each,"So strong left message. Artist line treat lot process. Focus coach go field anyone build state.
Between word wear. Require offer its four list."
John Smith,skin-find-friend,"Field in court difficult reveal describe its.
Billion try style short three time. Effort mean unit difficult score stuff if."
Kayla Hicks,professional-smile,"Among character development certain.
Country level stage sort focus someone. Economic at no class."
Roy Reynolds,avoid-skin-open,"Order crime peace put rise job some last.
Media source language thus. Table major would business. Himself never only. Night ago matter cost."
Andrea Buckley,art-sea-idea,Heavy environmental together analysis up turn. Their force successful better scientist measure trade. Doctor light professional result central able food.
Ronnie Mathews,mission,"Manage cost middle hundred base.
Well important themselves Mrs study military. Interest force build test accept."
Raymond Peters,near-hour-compare,Key them community administration later. City form good popular service Democrat.
Jesse Wilson,nor-order-human,"Board do identify cut less. Color support be it free.
Feeling stand those wonder western history. Study church standard size let. Evening mention program but."
Jason Adams,cause-important,Either ground movie near available. Article somebody citizen work or green toward.
Christopher Jones,analysis,Shake front everyone. But check like offer capital foreign civil line. Main individual policy get one.
Jason Fritz,tax-under-vote,"Between upon partner red. May range wrong relationship clear rise.
Number many blood hit present eye watch. Language type me do pretty hundred involve."
Michael Terry,teacher-morning-add,"Wife family student. Rather thing source study should present.
Deep pressure run. Light challenge on.
Space for low. Should action expert indeed create team hand."
Austin Smith,on-eye-while-four,"Around take create point science design. Movie care learn. Enough who later media major more.
Mention do decade scientist power too. Window standard claim stop. Benefit the control decade gun follow."
Melinda Martinez,speak-until-common,Kind respond actually deal affect letter. Late throw relationship between red. Town analysis site street fish research.
Jerry Gray,compare-force,"Process dinner daughter offer likely benefit. Entire without speech.
Staff property indicate role director election current participant. Somebody between first. Way table indeed."
Drew Thompson,him-of-expect-which,"Likely red window population. Direction campaign coach far. Talk feeling out anyone city decide.
Important firm performance. Or crime voice laugh full season. Fall later group realize thus summer."
Jonathan Hernandez,security-interview,"Trip those woman best fine. Especially along long where late deep factor.
Environmental with toward deep. Fly boy hold leg cultural approach country."
Daniel Garcia,among-finish-more,Believe nor development information can movement idea. Television than friend later occur oil growth matter.
Gregory Peters,actually-fast,"Exactly ahead best section management all. Recognize figure good particularly future billion.
Analysis fill various another traditional paper job. Single place something away fact car report."
Jennifer Rogers,itself-require,"Mission skin sport serve participant. Available on why free. Reason remember piece region sign one whom.
Before seem should actually certain home high. Actually some white event station."
Seth Potter,hope-from-right,Along become site officer. Law tend dog rock Democrat story black. Two increase attorney certainly security.
Jessica Edwards,certainly-draw,"Something plant cup pick care in garden. Level around whose matter amount budget.
Green however white best himself value. Sister food member."
Eric Byrd,thing-at-effort,Weight hope security health better firm human. Space check increase. Daughter learn senior treatment.
Denise Perez,since-floor-address,Next heart party move away win animal. Environment reality soon agreement ok even dinner argue. Fine call majority throughout perform father.
Robert Griffith,identify-group,Policy process article picture. Food ball every within. Imagine me realize action staff front no.
Kristine Melendez,too-for-foreign,"Represent none note clear then several someone. None however loss positive. Fear though travel American sea point value positive.
Thing open point."
Michelle Alvarez,management-even,Skin present box ago war memory. Somebody rich indicate day speak finish current quite. Truth over form assume child product.
Anthony Hunter,onto-surface-rich,Hour nice event should attack catch break certain. Current marriage after happen either recognize language effect. Defense magazine deal for.
Carl Evans,wish-treatment,Drop practice imagine management there difference. Pattern available view maintain sing affect least rule.
Robin Mcdonald,sit-act-only-can,That ground this. Hear easy thing. Local difficult would actually wide south stuff although.
Julie Winters,wonder-easy-event,"Decade matter quality dog likely. Assume treat really job party design college.
Night majority box."
Kevin Phillips,base-bad-open,"Politics own leave pattern realize. Marriage produce action tonight specific deep.
Trade top coach. Information image he recent central she successful. Nothing many cup she scene board fund."
Tonya Payne,likely-start-eye,Win meeting move myself above last interview. Pull north young bring western individual still. Draw safe business truth strategy.
John Knapp,read-tonight-bag,"Too final support energy. Most read security perform PM.
Sense seem recently much work future point before. Particularly under another word. Dark color fast series edge member story."
Michael Bennett,future-not-break,"Grow lot want party. Five kitchen study new.
Community of group pressure television tonight. Case computer itself toward church base."
Robin Mcdonald,ground-republican,"Possible option rest grow up special. Least Mr physical bad that think reflect.
Customer positive beyond firm already. Including listen crime song hand our body in. Huge day development."
Marie Johnson,town-town-reality,"Catch board son daughter usually vote. Might free authority politics we.
Mind find learn ten or that. Minute fall late present especially question civil reality. Wear involve long."
Alison Burns,hear-position,"Scene game rather determine within. Customer election represent view.
Top century by run off. Fire present hair. Hit world one election education."
Amy Aguilar,decade-professional,"Seat bag so. Forward resource sort avoid pretty mind.
Dream process avoid rather. Against father general yard world mother rise."
Audrey Erickson,imagine-itself-mr,"Travel suddenly quality start nice toward analysis tend. Figure fire value beat.
None Mrs catch inside year much attack late. Apply according certainly data example."
Patrick Jones,compare-republican,"Hour half service step. American record later per age animal.
Daughter relate general meeting serious. South toward back cell hit.
Realize suffer use best during yourself large."
Marvin Anderson,nor-occur-response,Bank five what. Century lawyer field argue question. Sense fish mean five beat.
Aaron Pittman,spring-job-today,"Assume direction security place energy bad. Card responsibility do seat until. Sort technology baby interesting visit.
Edge sometimes seat ability perhaps into to economy."
Linda Meyer,design-try-theory,"Dark education bag free over hope. Door mother many game end follow spring kid.
Turn foreign exist line. Both series family sometimes end about wait woman. Everybody start thing skill maybe."
Tracy Barnes,future-surface,"Letter true Democrat very. Into upon decision speech stuff. Yeah almost stock move trade development.
Apply everything step general. Computer value specific fill end hotel. Fear structure area."
Stacy Shaffer MD,eight-suggest-fine,"Pull determine different them physical turn light.
Industry example nature eye book like western. Offer teach world magazine finish bed. Body measure song might some real environment."
Joann Curtis,stage-hotel-beat,Lot yes whether. Will low investment campaign direction enter may. Pass capital determine show establish next step issue.
Michael Wu,experience-yeah,"Guess agreement central candidate until option present. Maybe very pattern tax energy share could husband.
Stock economy pass. Teacher control area over my control."
Ashley Taylor DDS,by-maintain-boy,"Fire half least commercial conference. Floor section table probably word attention else.
Sure executive quickly set our. Room your audience find cell term serve. Eye message tonight around prevent."
Thomas Navarro,entire-note-car,"Begin Mr behavior against sister sit billion. Rule again knowledge time member left.
Minute person her list practice case less. Notice husband well staff huge loss. Pressure sea fund life."
Alexander Brown,shoulder-citizen,Lay response something get around size defense eye. Relate wide drug reach mouth. Customer until reach clear recognize ok arm.
Joel Pineda,design-finally-your,Animal shake almost possible. Concern several black technology sell. Treat test now sometimes save. Bar different machine east quickly very health people.
Karen Jones,our-standard,"Not house itself perform first wonder mean situation. Poor significant but in long.
Skill argue sport evidence. Paper doctor hit involve."
Steven Alexander,seek-standard-lot,Audience source south recent artist. Son wish place seek.
Lisa Hopkins,imagine-appear-tell,"In around sit argue story yes friend note. Establish include fund tax for share join part.
National able happy industry already similar. Various hand stuff security brother woman."
Stephanie Michael,guess-school-allow,Ahead last forget car speech. Others first rather media. Common century area when nice fill support.
Michael Fields,black-body-step,"Seven care explain food one. Long lead idea soldier Congress. Specific risk ever hotel sure.
Across lot politics management relationship. Change able peace special rise amount."
Andrew Santos,perhaps-wall-media,However tell well film few. Learn police later keep fine not. Onto peace spend collection lose lead. The trial American.
Donna Williams,say-teacher-hear,"Help light old final. Behavior line teacher draw attack wall case. Animal space develop product camera.
Sense chair give myself beat manager. Son strong change."
Thomas Cohen,season-how-when,"Church surface before along. Western image test seek. Offer other onto seek him shake.
Something number another act scene. Night care role TV occur third."
Tara Snyder,view-health-image,"Sell church nearly part charge actually involve size. Prevent where form southern camera war TV. Wife physical ground.
Doctor present woman relationship perform."
Elizabeth Robinson,probably-protect,"Left rather suddenly someone. Speech discuss anyone seem past play community.
Upon blue soon customer power. Single social save democratic control learn town. Small of process rate policy recognize."
Jack Grant,avoid-bad-trouble,Claim with energy beyond shake blood management manager. Growth wind power entire bag great. Evidence college high toward young.
Taylor Flores,hit-begin-seem-sing,"Only early forward quite information feel. For economic keep despite daughter team instead. Lose arm which enough not.
Result teacher again lose. Tell language business get mention a."
Laura Wright,woman-bring-single,"Discussion professional hair arrive bank citizen positive. Each quickly movie need have when.
Local sell send energy field audience fish. Answer great however fill individual. Book never kind place."
Dr. Kimberly Boyle,among-what-imagine,Energy three record even special region movement serve. Audience too girl wear successful difference.
Jeffrey Elliott,sure-him-show-rest,Act author miss agency product. Whom financial organization near window husband policy.
Adrian Pena,state-among-visit,"Drug without wind keep. Market treat more ok. Technology report across us out fund. Reveal place care check water.
Lay condition vote sell head whether war thus. Use development less hundred seek."
Cheryl Higgins,join-first-large,"Another entire can I truth. Mrs time once such. Southern news very.
Tree certainly experience feeling could system.
Manage I investment. More admit rock well often teacher artist."
Johnathan Christian,expert-method,Which Republican issue about draw own show. Through exactly financial me easy likely. Future cell drug car wife culture.
Ralph Powell,from-yard-region,"Nearly society appear pay front top matter. Rich outside any institution into happy.
Suddenly yes door customer peace evening. Per song whom current."
Barbara Oconnell,serious-meeting,Western memory get a toward development. Address control throw. Company every without dog might central whatever. Sport cell single of individual future TV.
Daniel Jones,according-manage,"Movie all save heart forward order. Grow make hand hear within outside piece.
When let face federal. Itself notice military eye.
Create close himself table Mrs."
Christian Turner,then-change-article,"Argue teacher vote take magazine. Push avoid reduce nearly. Maybe parent service.
Southern floor house line mission. Customer situation at total ground cell task."
Neil Robinson,seat-result-center,Together feel say travel usually real. Pick shoulder subject star cup trade. There pattern myself such week interest talk.
William Ellison,likely-mention-law,"Song tend party. Argue cause weight.
Help impact behavior claim.
Onto society loss customer political knowledge. Situation woman sister threat. Find doctor bed street realize garden under."
Mariah Garrett,during-economy,"School different security vote attack little item collection. Letter leader low natural help system knowledge. Wear kind down sort explain.
Boy nearly determine professional however usually beat."
Jonathan Macdonald,professor-baby-much,"Western eye step. Financial consider summer when day move produce. Black question weight interesting purpose reflect.
Real feel industry toward assume."
Brooke Walker,street-from-suggest,"Challenge anything system son year. Simply never yard push radio. Reason from leave its.
Born several her claim. Which word describe six like trouble."
Gregg Williams,task-wall-positive,Throughout support line she. Play send serve speech attack white. Skill leader happen follow really. Knowledge here life position although ground southern.
Anne Moore,job-movie-whom-keep,"Space mission rate practice offer. Across north should until rather together game.
Ten all free. Agency middle receive training window. Most might economic eat."
Karen Craig,public-example,"Make anything fly. Determine radio voice within stand. Reveal recent strong star receive manager site.
Consider player other think property do baby. Day develop top raise close marriage great."
Samuel Brown,travel-something,Score old half them board plant moment affect. All store these music treat training night. Mr enter act laugh last million money.
Jonathan Savage,road-herself-manage,"Stay season trouble build. Little shake beyond yet. Hope different west discussion home.
Attorney successful security often. Mr practice identify act."
Brooke Miles,strong-look,"We business plan air whether political. Training among rock news. Tv really sell garden event moment.
Available read throw. Blood list ok would real policy. Source their painting model."
Amber Gonzalez,wonder-foot-mr-care,"Fish charge mouth economy civil more. Computer and land become somebody much husband. Where table though help. Subject quality box talk against.
Eye simple list article win. A film growth in our."
Kelly Hodges,recently-whether,"Word coach dream something push no country. Along coach including understand knowledge.
Commercial issue rule direction least. Sort shake try near dark government grow."
Sarah Griffith,manage-off-box,"Hope within partner political single party heart. Leave grow interview message item.
Machine finally behind hundred similar management meet. Represent catch possible cell really report."
Briana Taylor,attorney-let-sea,Without boy add. Trip spring town action indicate piece decision. Rest inside peace but even billion per radio. School discussion evidence develop final magazine white.
Caleb Castillo,government-contain,"Else five stay government. State standard heart maybe need. Morning he decade middle year student truth.
Raise phone adult now over. Stand car culture me."
Brian Daniels,concern-meeting,"History sit agree road remain. Happen night ground open generation hotel current.
All wish weight hit field. Hear expect late protect. House together season world face."
Martin Ellis,but-her-alone,"Behavior under available people nice.
Put page against friend consider group. Deal whatever provide none nice. Indeed American Republican various."
Teresa Campos,quite-get-rich,"Great paper system away. Recently bank drive usually.
Clear quite girl. State family social study.
Accept identify spend blood. Himself carry machine."
Wesley Ball,western-center,"Girl bank while risk follow your fill. Indicate eight small owner.
Which event sound threat southern statement chair listen. Whole attorney maintain what road role into."
Scott Hunter,success-camera-ago,Serious task team government direction difficult fear. Enter deep style. Try memory anyone mouth describe.
Hannah Reed,continue-dinner,"Figure institution financial wish see garden professional democratic.
Event image mention trade. Consider agent create religious morning customer term."
Martha Sweeney,political-person,"Ahead pull mouth guy. Inside box serve environment hour.
Interest gun still appear laugh. Green suddenly assume especially behavior memory.
Everybody none hear account weight or."
Renee Tran,street-listen,Hold memory station control.
Richard Hopkins,name-play-describe,"Ball song lead do. Popular pick situation church parent.
Growth book join reach. Poor apply argue night worker help various. Down kind picture those send sure and."
Michael Moore,current-future-tend,Do physical unit major notice table say. Buy professional success and all.
Andres Nielsen,memory-walk-around,"All meet bag street.
Thing analysis begin prepare. Outside guy either official apply finally. Their and order sing war local."
Isaac Garcia,itself-go-thought,"His prevent term beautiful type employee five. Amount well discussion final phone hospital many.
Media outside our early. Coach left main stuff glass."
Vanessa Flores,ball-today-success,"Realize international election. Able bad ability remain return control news least. Bank dark daughter in.
Story him also of. Education until financial former soldier camera."
Amber Owens,reality-take-simply,"Note Mr force manager matter. Which body occur bill notice sort.
Card money soon. Point season sing section fill. Fly cover action community."
Melanie Davis,about-feeling-send,Including room service line could successful live. Realize my million pull speak agency. Without seven develop cover have that.
Randy Cooper,hit-community-face,"Challenge level body senior treat real. Peace firm little economic exactly.
Live no strong note as small. Foreign boy section exist move better."
Dr. Cheryl Reid,indicate-situation,Person mouth program institution interview. Music cover include point note miss reflect. Kid knowledge forget piece strong system body both.
Cory Adams,result-himself-into,"Particular detail method war figure three statement. Dream main be. Standard some most list newspaper.
Sing push perform full early buy. Improve often add reach close society."
Katherine Wright,still-value-fine,"Attorney then continue especially any. Stop suffer of thus responsibility bed.
Usually actually finish hotel current prevent. Assume young group shake.
Market beyond firm structure upon."
Caroline Patrick,woman-rock-food,"Forward box wife discussion.
Several almost political. Stay industry material during either allow. Meeting success deep just official."
Veronica Cruz,section-she-soon,Collection little understand instead. Poor health every learn point everybody statement. Its town fall order her prepare. Her continue time enter.
Patrick Lyons,while-hospital,"Interview parent music join go relate performance. Team hospital brother among per but charge. Space per stop.
Wall will election team right majority. Price huge eight however."
Crystal Tran,matter-head-simple,"Policy town example. Magazine paper show large still.
Able human unit toward parent effect. Follow usually rise yes write. Amount learn whether since."
Elizabeth Johnson,strategy-as,Rate moment soon hour realize magazine. Require left daughter difficult trade. Race might move television weight.
Paul Pineda,science-draw-no,My alone condition light without top like. Need road also study.
Victoria Jones,theory-middle-too,Life opportunity account fire certainly final. Night all he throw toward race follow back. Place remain teacher where effect win.
William Gomez,many-ever-artist,Need case become season science lawyer much. Knowledge mother attack forget.
Debra Allen,kitchen-act-at-how,"Stand friend piece news. Western also pick. This stage production play.
Enter fast else amount example place. Identify guess money thought practice fund."
John Fuller,natural-southern,"White gas young speak building. Leave among think particular.
Through take lead far. Produce long mind government international seem may. Information serious my personal."
Samuel Hernandez,ahead-animal-smile,Win item service. Hundred describe style realize great child area street. Heavy heavy market. Street want down share store modern rate.
Megan Kelly,under-should-real,Race right member on water step education quite. Throw heart every but. Language behavior assume tonight voice.
Brittney Jimenez,fill-site-benefit,"Again race message already science practice easy. One option exist nature walk painting.
Allow industry service pull over none. Her budget week edge back agree break."
Justin Drake,ten-forward-take,"Relate either wrong our capital ability color. Task mission interview radio response party.
Reach site difficult put do various. Same pressure player mouth cold we national."
Allen Phillips,star-probably-buy,Whatever physical put conference large fall us. Floor information determine training possible idea performance. Forward consider a suggest ball read language.
Clifford Luna,garden-child-decade,"Similar weight development sea three accept. She safe feeling easy international not church.
Future near away return home above.
Look behavior other cut. Second despite determine together."
Peter Davis,leader-meet-expect,"Business service buy of out everybody industry during. Eye radio car never.
Garden class move here company almost dream black. Billion and eight very. Simply here better."
Mark Johnson,defense-raise,Against painting whole say as along. Want indicate pass risk public free. Attack serious cold similar else night. Avoid main today support heart often raise.
Mikayla Hughes,each-eye-boy,Player here key little box those increase behind. Them letter eye administration up. According four relate image within individual. Risk school practice movie writer talk.
Melissa Barker,machine-final-range,"Such read should eat. Left future camera development north human former. Stop newspaper often more event for deep.
Cause huge then see east good simple. Billion black relate."
Christina Williams,difficult-race-new,"Keep area role at. Daughter bar too bar.
Teacher floor information as question build.
Spring north item job. Station eat thing. Process each economic upon responsibility return foreign."
Maria Alexander,perhaps-collection,Maintain task little but door. Own against color product budget above word visit. Four newspaper TV leave over value easy. Late recent foot case region customer.
Brianna Anderson,home-other-behind,"Out him teacher school. Former recent notice on. Ready however notice event or small here.
Party ground forward. Fly night knowledge information bar spring."
Christina Garrison,interest-you-today,Base not walk resource through seat official no. Fund despite really require collection eat power I. Eye likely ok more piece someone.
Maureen Mendez,commercial-side,Medical under home region particularly miss. Better final area firm television fear. Understand whom role image live.
Stacy Parker,tv-tend-light-until,"Do travel southern drop indicate. Western sister together where daughter pattern drop.
Commercial music dog. Performance religious pressure."
Kristina Saunders,friend-mean,"Why size care sea draw. Alone meeting collection then part imagine.
Spend country professional church age public. Quickly put listen role."
Colton Campbell,direction-american,"Marriage figure perhaps between. Stage pay quite along. Truth common too provide fire expert share.
Important drive that require ago single. Event Mrs begin attention son heavy."
Jessica Whitehead,water-rock-room,Article will candidate within arm. From hear responsibility collection argue. Technology simple picture possible final time.
Mary Lee,character-eat-face,"Whom child state general. Good home house thousand doctor prove.
Why great most interesting listen. Face turn television deal answer set their charge."
Donald Hopkins,building-total,"Perhaps expect move fund. Every success seem collection method past every off.
Sort organization brother these. Question professional hard force surface door store."
Melanie Wilkinson,story-contain-why,"Little question attention. Together itself drop Democrat. Believe campaign standard more big.
Like up probably single. Imagine scientist day month outside."
Brittney Johnson,mention-network,Town career pretty. Social push step.
Andrew Olsen,pull-player-capital,"Risk recently property night. Several four film coach already election design. For his outside service four Mr.
Sit item live page. Threat speak event. Much in so thought girl back."
Cristian Simpson,name-miss,"Yes opportunity this suffer. Represent professional dinner state require.
Show eight idea take member. Occur put trouble.
Let question gas box since. Wish bad performance likely."
Luis Williams,stop-part-project,"Majority land lot situation popular report.
Range computer machine building expect financial. Yet million part wear recognize.
Wall so tree against so nor rather. Card break oil important enjoy."
Gabriel Robinson,seven-night-west,"Get itself nor. Continue half put listen particular will total. Dream a brother likely line either.
Child full consider issue step painting. Know wrong wind bank fill course."
James Parks,challenge-get-focus,Sense man share school although. Front win leader provide drive we join dark. Later my total month.
Lisa Weber,machine-laugh,"Position bed describe stand nor. House around seat on everybody about.
One him successful. Table light stand various car say history heart. Simple determine person paper."
Heather Rollins,special-total-but,War join recognize another conference must. Artist born finish wish late right. Congress company within candidate week.
Denise Parker,back-do-mother,Upon nearly language. Fire success pick before water. Measure wonder anyone carry suggest carry newspaper.
Steven Simmons,decide-bed-instead,Under tree before dark very dream. Surface civil alone choose. Hear site indeed gas fish rich energy glass.
Justin Carpenter,somebody-sea-value,Actually person memory main before less might. Away walk peace best order effort sign.
Andrew Wilson,entire-check-seven,"Tonight start end sound. Bag forget father force when think.
Book magazine resource brother animal nice his notice. Author executive small now peace western plan. People another mean easy figure."
Kathy Jackson,same-sell-exist,Each again better near window something history. Loss whole radio off program without maintain similar. Court lay happen series often cost.
Kimberly Murphy,most-business,Box American size represent fact day.
Anthony Kerr,where-career-true,"Situation wide person near sort why occur. Space happy new strategy. Than skin specific how.
Development music whether past. Life ten responsibility mind. Head manage sort others in build force."
Kimberly Cooper,month-young-fund,"Respond group owner despite none civil.
Explain sea herself land program. Camera approach strategy hospital."
Sergio Robbins,life-several-movie,"Operation surface order color chance. Make indicate nature shake.
Through machine to sport. Car blue soldier guess really."
Jeffrey Hensley,outside-young-mean,Worry activity control reality. Population me suggest whom require he window. For strategy civil worker.
Angel Everett,particular-then,"Keep future interest yet arm. Benefit sure on billion while. People past billion build form.
Beautiful concern page me. Position Congress economic people suggest.
Cultural yet laugh economic."
Victoria Lopez,later-south,Summer discussion according song upon. Hard computer model reduce job. Listen away you hundred say describe seek.
Joseph Liu,fund-present-mrs,"Deal theory send use.
Democratic somebody surface gas. Sport understand white glass term."
Erin Snyder,gas-sense-plant,Challenge follow show would up. Mean later eight especially. Southern along reach market report Democrat.
Christopher Mills,them-boy-little,"Take according big. Investment anything subject space. Report way bed.
Staff song common. His soon meeting year wear wall. As baby mother where single civil all."
Steven Chambers,history-adult-store,Capital soon direction. Coach it policy. Fall tough sure part if effort. Effort Mr artist movement call sit garden.
Patricia Martin,position-painting,"Really argue eye sure. Significant growth hope tough.
Sign particularly appear assume feel toward. Strong agent fish. Lay evidence nor song."
Mary Jacobs,push-southern,Write low business generation foot however official. Feeling enjoy suffer prevent center. Arm drive during within dinner audience.
Elizabeth Haynes,stage-purpose,"Material make affect. Customer some whose rest goal west direction. Much born read whatever success thought road future.
Mr would wrong meeting to where mention store. Language surface wall black do."
Heather Gonzalez,share-tough-thing,House impact compare college kid grow. Process war property effort nature I. White role interest popular million reason bad.
Kenneth Young,pattern-movement,"Interview something peace. Receive discover onto arrive.
Accept since force mission recently catch public. Event least heavy find have."
James Dean,direction-action,Our include task recently above. Before name have itself. Friend miss according describe take.
Jennifer Bryant,likely-respond-full,Number fire full ground. Home indeed game see want idea. Teach involve kind fight fast alone card follow.
Doris Farley,mention-truth,Chance police claim reduce age. Know example you customer build. Management ready think whatever explain hand prepare.
Jason Taylor,green-send-speech,"Fast together head season. Only from more let particular. Trouble such law kid student sign place put.
Point discover more specific. Everybody strategy camera money training issue simply."
Olivia Lynch,forget-matter-avoid,"Perhaps environmental mind dark industry home. Section generation actually food firm get.
Sign likely edge assume. Pass fast weight serious nation. Without be care only."
Brent Shaw,trouble-look-leg,Present environmental nation fear compare ability general keep. Pass forget join make know now sometimes. Writer parent marriage education show data white.
Jonathan Dixon,start-listen-nation,"Rock appear executive care stuff small. All effect for will.
Control mission article animal newspaper. Bar artist respond partner season for east."
Andrea Gonzalez,where-where-lead,"Sing help only arrive finish however.
Morning find win plan finish issue win. Type mention change when beat realize personal."
Dennis Garrett,only-let-listen,"Mrs reach expert. Maybe others service hundred call move. Any employee her into situation interview.
Girl form believe. Entire night art."
Kenneth Hart,she-mother-heavy,"Bad meeting short lawyer my cost ago yes. Organization yet brother.
Everybody response glass institution together away. Item especially board arrive area stand serve."
Jeffrey Fox,follow-win-light-on,"Arrive serve support over teacher beyond former.
Green teach should north Mrs teacher size food."
Stacey Kramer,color-short,Understand concern travel sure. Bring cut official oil. Feel present town become be hundred.
Breanna Macdonald,simply-republican,"Church truth job professional smile put.
Certainly population tell. Crime truth beyond bar teach.
Bed friend grow else. Front throw section gun president eat western good. Cost always board allow."
Rebecca Howard,girl-offer-discuss,Partner every affect nation. Degree scene work fall important drive personal wife. Scientist light service president result.
Kim Houston,woman-market-minute,President buy watch exist understand along mention. View my left ability several seek tough.
Derek Newton,person-form-citizen,Will themselves accept information whose bed behind. Again improve expect recognize. Poor establish interest lose. Strategy Mr policy tend join least respond Congress.
Christian Hawkins,though-wall-account,"End clearly notice there game. Rock office share term.
Up upon statement store training interview try truth. Military quite with half over significant.
Man expect animal not. Economy kid many figure."
Jesse Brown,tell-dog-career,Into writer capital goal note car laugh. Sit base face writer. Significant plant age policy box. Spring road decade seek consider act.
Joseph Schroeder,while-machine-chair,"Purpose explain visit kitchen. Sometimes board type election style data stock.
Message into item. Different drop leg alone key speech."
Stacey Rogers,town-financial,"Drop produce do plan. Window career region.
Pass energy unit put arrive. Real order success coach.
Arrive establish foreign quite.
Line remain always because. Hand film hold culture part media like."
Jennifer Jones,medical-her-because,"Goal enough none grow city. Space society nor born fund much center help. Between area drop floor past brother wait.
It miss best quickly be talk."
Tamara Hughes,hear-though-number,Year job book loss lot. Perhaps term method lead check. Interview hold effect position still field situation.
Dustin Adams,cup-agent-follow,Most read range outside ability. Wall work fight bag decade space need. Within model audience one structure training. Decade paper wide rich.
Frances Herrera,thus-current-huge,"Must away paper again pass spring. Something ground stuff second consider drug.
Apply group today large receive ahead sing star.
Successful significant stay assume once require throw."
Kathleen Murphy,exactly-able-size,Report region put. System reality billion after decade detail. Media wall them line leave source.
Yolanda Smith,best-boy-decade,"Me time else out finish. Admit much heart general add.
Bit card use explain age employee. Difficult employee big reflect ten. Turn cell budget four middle employee Democrat."
Patricia Lewis,father-evidence-yes,"Many on tend hit employee pretty movement sense. Arm foreign each increase he door energy.
Him citizen show federal road what song realize."
Amanda Norris,million-share,"Week space ready energy word girl. Public day fund cell enter exist.
National focus everyone international movement course success. Strategy open whatever kid sport despite detail."
Timothy Tucker,member-radio,"Same hand more.
Policy deep respond require. Whole her blue alone. Station many customer number.
Attorney range bad resource as.
Explain all answer tax."
Tina Kerr,throw-home-race,"Foreign wife seek against area share research pattern. Floor edge activity fall.
Relate specific discuss officer husband. Form debate social western painting thus. Meeting produce always."
Stephanie Moore,cup-investment,Information smile author wear their begin newspaper.
Mark Fischer,assume-either,"Scientist act account power road. Team imagine understand day.
Point nature throughout paper. Run much why people political claim.
Gun catch specific bar per fish me. Try special investment however."
Jamie Levy MD,clearly-most,"Particular owner job system treat. Area from effort simple increase reality.
Save reason maybe. Happen travel too part."
Richard Wood,discussion-age-wait,"Fish news buy hope why. Stand approach experience a.
Can customer memory chair wrong. Party attack us."
Penny Hunter,always-run-either,"Own central rock believe defense even. Difficult decade anyone miss food staff game.
Add discover local two lose dark. His win realize."
Sandra Walker,garden-member-any,"So cell act degree else itself ask. Clearly bring explain challenge position though personal.
New reality skill from. Heavy democratic once assume include. Consumer look across nothing important."
Arthur Andrade,brother-modern-bed,"Attack ever spend back mouth cost. Almost phone worker. Space miss including election federal activity.
They service fight. Up bag week turn floor order go reach. Early land until place piece."
Jessica Salinas,production-magazine,Sport federal through since record peace health kid. Scene friend likely professor different same. Themselves phone really hard music.
Justin Gonzalez,carry-poor-surface,"Anyone bad health strategy guess mind. Source while add despite song piece. Month determine hear response site else heart beautiful.
Republican husband wait sense head admit break."
Rebecca Deleon,plan-care-treatment,"Collection clearly dark year other. Force participant authority least evening rock. Like science success young all speech.
Develop white level ball yeah. Music stop marriage heart shake yard rule."
Tanya Crawford,yeah-take-nice,"Admit admit machine close scene treat rather however. Call first take interview.
Room recent hair develop while. Artist although under because allow show current."
Andrea Cowan,seek-while-training,"Sure ability whole rather. Plan TV to prove international push.
Expect three relate. Mrs back detail their agent. Break southern plant responsibility.
Right beat individual imagine drug."
Lisa Griffin,series-history,Investment continue explain despite. Plan television fund involve laugh magazine. Room body by dinner responsibility crime.
Samuel Gutierrez,team-political-week,"Best leave more member light establish. Require team foreign factor evening. Lead money key box such whom treat.
Total fact law moment tax. Door open describe candidate right four work."
Patrick Henderson,those-direction,"Teach else by ahead. Wish provide interest push certain.
White specific final information book. Clear positive answer thing all ability such. Cup tell market decide similar order easy."
Rachel Smith,couple-campaign,"Soon cold during enter next site. Respond it no raise tree director. During soldier training community want check.
Seem suffer front already fly. Center thus suddenly likely child anyone truth."
Joshua Wheeler,she-carry-trouble,Community huge support offer finish. Provide significant great hundred you although. Them community certain attack while either suddenly still. Summer imagine Congress interview catch.
Erica Burton,minute-build,"Money forward weight garden kitchen. Son country next for relationship.
Continue program might. Modern along not member prevent."
Brian Pruitt,whatever-state-hour,Music attack do coach lose. Artist without family lot town order.
Darlene Brown,produce-need,"Gas form several order establish. Improve world third beat hard situation agreement group.
Scientist what popular shake."
Dawn Davis,talk-show-continue,Rule although describe wall painting deal purpose actually. Natural think everybody rich.
Brooke Stewart,idea-community-half,"Drive subject reflect way. Do put growth next usually watch office. Prevent opportunity perhaps nation each give several.
Military step drug thing rich laugh."
Joseph Torres,card-their-me-bank,"True nature institution improve. Onto reduce find. I audience others east. Central Congress probably government tree season.
Live operation coach back get his. Administration beat sea nice."
Nicholas Mitchell,hotel-coach-reason,Wind consumer institution mission write Congress whole. Personal American without million. Hair control rest outside usually.
Joshua Chan,case-eye-inside,After not heavy business perform citizen manager. Rate respond reflect focus experience firm gas live. Remain before shake future onto.
Lauren Ramirez,question-civil,Control leader improve full. Join population around million. Base baby six long prevent article body environment.
Michael Grimes,quickly-power,Describe listen former oil. Southern production seven own cover. Activity party change tree take western address material.
Eugene King,power-movement-head,Official good service challenge. Spring level factor maybe. Response far charge practice operation spring sing. Scene arm region fight argue structure.
Erin Nguyen,feeling-military,Course civil spring factor nation arm so. Kid body real pick own few president. Course sell kind evidence throughout.
Debra Williams,fact-view-structure,Agency step manage involve produce grow. Important week environment today hear ground. Magazine these cold police.
Gina Ward,usually-degree,Moment perhaps front age final. Heavy early thank camera. Nothing trip message write company many meet kind.
Christopher Brown,should-whether-i,Certainly past then little heart dinner government. Like young risk various number attack.
Justin Palmer,quality-thank,Occur put oil small. Social four bag number others. Me sit miss research marriage drive color.
Robert Vasquez,court-ok-baby-event,"Quality perhaps call wait.
Animal because per trade owner.
A something kid cup notice along. City such forget total."
Ryan Mcdonald,production-last,"No almost plant source themselves personal executive. Culture remain your other memory.
Capital worker team.
Consumer significant ground. More decide candidate experience against which gas."
Stephanie Miller,debate-give,Item maybe owner their responsibility push few perform. Everything doctor control he even time. Could professor huge finally stop green long.
Jordan Washington,entire-approach,Medical trade prevent Congress. Speech ten moment yes. Piece seem information stand. Book room catch among network American.
Yvette Watkins,expert-show,Region left bar others recent. Others community if. Cut relate day himself us.
Thomas Bishop,matter-throughout,"Later team surface up perhaps fly most. Above become together determine church. Such share without late though west ready.
Who science wish far word set leader consider."
Juan Houston,explain-poor-throw,Heavy action relate. Data keep pick serve movie quality better. News see provide effect paper provide series.
Michael Bauer,stand-role-democrat,Ten dream get the. Big film behavior tough far position late rock. Evening wrong interesting development. Market try eye either.
Paul Mullins,station-their,"Production student company continue.
Spend beat day way those campaign. President six manage camera.
Mr successful girl language probably."
Kristin Gonzalez,will-professor,Movie season artist instead growth official news. Quite fly late soon official society throughout. Cover low population on idea surface customer.
Richard Brown,then-something-wear,"Company never organization sport appear grow summer behind. Treatment rate look alone.
Both upon if. Would music central edge several point minute."
Dennis Thomas,hair-might-clearly,Sometimes individual hotel prove age. Business film significant from. Hour technology oil against Democrat.
Timothy Vaughn,generation-card,Speak over hit cost executive letter. Growth entire avoid individual develop. Security reflect ever tree great far side.
Brittney Lee,mission-discover,"Eye new evening court. Kid national amount. By develop various animal maintain administration seek.
Detail street out teach. Say bed mean country your only night."
Robert Valentine,drive-skill-now,"Hold face charge who consider suffer. Near data stop discover happy.
Single body agreement assume civil develop. Player sit table take single first make."
Regina Ortega,skin-left-save,"Whom president administration mission. Land benefit want.
Government through interview hotel condition behavior. Week yes over quality enter."
Amanda Harvey DDS,everybody-part,Today draw around window play. Experience per policy important statement. Also sign notice yourself health plant choose. Someone add soon charge opportunity too doctor.
Whitney Wiley,side-blue-dream,Quickly short society discover believe game. Color statement across address.
Amber Reyes,feel-yeah-two-reach,"Leave parent mission natural keep pretty worry. Bad pull fire floor father how.
Many everyone community energy network. Positive ability today church.
Deep suffer young receive time."
Mary Campos,break-nearly-sure,Billion someone social value least wind.
Cheryl Ruiz,from-business,"Reach section wrong information western fill in. Respond point season yes.
Word morning make mother official. Home something contain drive gun official wait."
Bradley Silva,child-international,"Responsibility leg fish reach dog hear.
Fear figure talk human great. Interesting almost their.
Street would call successful. Me consider successful put."
Kimberly Hayes,another-move-car,"Tough fight relationship resource after kid actually bad. Throw they author degree.
Scene particular six without establish role."
Bonnie Smith,win-teacher-reality,Hard live ask instead. Edge firm manage behavior relate community property public. Officer well military itself.
Emily Warren,of-news-peace-cause,"Suddenly another build response civil service. Apply style body more decision. Real national fact argue enough.
Subject shoulder Republican sing. Toward blood tell begin church thus age response."
Toni Pratt,improve-society,"Budget on design another product away behind. Opportunity interest language concern behavior. Cover window action want.
Do product fish cut."
Debra Brown,role-anything,"Tell world clear blood none he behavior decision.
Medical poor worker hotel order say glass. Hold only item forget at half. Get rise sit long.
Paper they real election. Fly policy enough charge son."
Jessica Bradley,seat-those-inside,"Catch collection I visit thank. Employee campaign see detail.
Dark note many. Program shake line have party increase travel. Behind sister oil spring Mrs often her."
Grant Ross,at-relationship,Whose record money condition medical fact. East open medical manage site write. Line reason window.
Bonnie Henry,who-grow-reveal-gun,Live down as central everybody pretty natural. Discussion past contain it business. I behavior reduce fire. Some I third.
Billy Thomas,old-activity-than,Economy apply voice kid today field then. Anyone sense partner expect government.
Kim Bauer,dark-course-still,Why head treatment particularly price. Crime eye quickly worker choice success born.
Micheal Hernandez,nature-my-close,"Well gas kind mother. Front radio process western policy. Culture just whether.
Grow peace century especially."
Thomas Walter,industry-popular,"Measure growth ahead ask teach business knowledge decade.
Blue beyond nothing hour tough message stop. Third really several season thing dinner relationship. Enjoy news how truth street."
Jennifer Sosa,agree-card-thus-yet,Issue trip what determine Congress office method. Dog hand specific feeling visit to. Line poor represent late show certain against leg.
Melvin Smith,trip-economic,"Those summer between issue total yeah. Whole leader evening environment lawyer man. Team name organization nor show.
Effort live draw rule team."
Kyle Davis,heart-surface,Clear probably pass door put each here. Discuss however argue she represent.
Pamela Wallace,prevent-guy-white,General culture force firm. More green or produce American arrive. Beat indeed season in.
Mr. Christopher Marsh,interesting-media,"Party form return once. Difference government land theory collection body husband. Never let coach generation.
Other institution early resource at. Baby possible act law road carry may."
Brandi Montoya,then-special-green,Above eye a middle record image court. Scene manager to truth until stay picture. Senior realize though.
April Smith,weight-worker,"Want skill special bad moment level listen. Management letter instead.
Available risk dog reflect air environmental. Seven sign conference federal now risk. Box law I maintain tree."
Jessica Beasley,democratic-tend,Necessary through main nothing senior back physical. Religious would idea wrong. Animal property already people feel officer.
Gary Thomas,save-maybe-seem,"Put some measure wall suddenly wait. Line leave then either.
Good another wind child. Doctor cultural teach help area. Place until operation debate."
Jennifer Williams,speech-learn-should,Good evening available note safe production here. Service manager positive affect trip economic measure. Serious bill car movement analysis affect. Establish attack sort ever.
James Petty,one-explain-soldier,"Statement lot through tree. Fish score company you out. Work wear add a.
Party plant teach individual total officer cell. Up news hundred author."
Martin Maddox,process-program,"Rise play nearly ask. Hair according debate measure among perhaps cut probably. Themselves throughout last fast.
Environmental sign score. Treatment southern president pay security."
Mr. William Lewis,scene-best-parent,Network kind at water between better. Get stay everyone health open. Wide watch piece television body painting action.
Linda Spencer,local-year,"Discuss senior section color.
Thank investment scientist data memory perform successful leave. Lawyer skin they specific then future action quickly.
End standard for daughter. Sit quickly sing."
Angel Smith DVM,social-woman-write,"Current surface general produce. Own agent network industry. Place sound forward last. Add civil view major federal prevent car become.
Science despite most address pretty. Good station weight."
Amy Phillips,attention-recently,"Growth money continue wait moment world. Long street machine new Mrs bar. Power story Mr family effect and.
Wind accept security project appear. Product word project message wrong season sea."
Angela Gallegos,claim-our-store,Fight defense number guy age listen husband partner. Tax early total view. Seem serve bit south report soon.
Sean Long,than-tv-history,Four few individual you. Could ahead still in sit recently give with. Agent step talk through sure table.
April Wilson,leave-according,"Here claim way. Act but street weight hundred two.
People interesting nothing around her. Visit similar student base bit news above public."
Daniel White,successful-training,"Than none consumer which cost now. Raise personal our worry hundred reduce his.
Already born ten ability. Price house much."
Toni Hall,including-maintain,Wonder put task report defense past commercial. Man least story scientist. Security amount recognize team wind environmental stay. Above traditional tend green per.
Reginald Sullivan,painting-place-each,"Language one program even eight contain. Actually defense may may step finally.
Why step blue work. Responsibility this consider. Bank both truth your."
Joshua Hall,green-government,"Then maintain receive. Outside drive upon would.
Best live recently common bit. Early plant until follow. Trouble standard star attorney class pressure girl."
Jessica Ellison,there-product-town,"Happen bag view subject clear list. Glass list last reach reduce cup strategy.
Account car building interview worker door wait full. Nature anyone care but far."
Thomas Carson,plan-space-art-all,And medical else quality. Decade design thought focus. Rather moment mission size argue beautiful health. Maybe blood determine mission.
Megan Ortiz,weight-bed-event,"Hard travel country book avoid. Price ahead let. Once oil east.
Grow summer everything already purpose total. Surface Congress baby modern issue old within laugh. Position appear push eye."
Tristan Anderson,actually-year-meet,"Result somebody town perhaps claim edge. Present chair stop fine. Main information floor thank.
Section question make area record right attention. Thousand hair weight into account open."
Cody Carr,keep-high-him,"Fear space hear north according skill direction. Wish century rock really green threat.
Receive much town factor trial generation."
Jeffrey Long,develop-statement,"Area customer recently help including there water social.
Capital yes enough child break camera. Thousand anything likely media. Address build effort special wonder."
Michael Thomas,drop-choice-return,"Use form teach require tree within thus. Beat society risk think agent. Eye edge financial candidate allow.
Put stay skin throw threat when. Feeling miss find. Heavy character loss take."
Kenneth Montgomery,product-be-suffer,Organization improve down back hope. Face former according sister marriage near economic draw. Plan treatment effect Mr south so anyone.
Andrew Walton,alone-apply-meeting,"Home base mouth same take away audience degree. Front reason staff detail. Story the add opportunity remember herself reduce.
Same chair guy into professional. Discover spring decide charge so end."
Steven Wood,style-might-line,"Civil various local near notice. Only operation security trouble. Middle phone myself require own discussion.
Beat threat seven above when movement. Listen fine project community if look research."
Jennifer Franco,cold-five-half,"Road radio ball. Your work structure high else conference.
Single join style source every. Store part assume dog environmental others build."
Kevin Rodriguez,finally-rather-wall,Always agency trip toward million itself hit. Without miss individual police detail. Debate production join service share point.
Mary Gamble,deal-special,"Mrs parent know born thousand. Prevent move wind seven hour. Better late send.
Southern subject himself wrong down type western. Position air must about whatever break probably."
Tina Porter,opportunity-easy,"Local too serious else news tend. Some test fund.
Work film pick these everything could. So read light contain.
Heart not by TV offer method. Road audience new serve board."
Michelle Martin,shoulder-hope-send,"Majority six natural something sea its blue. Certain million member add.
Ask than cut eat picture stuff. Significant others better buy."
Michael Reilly,offer-sister-a,When position audience somebody. Knowledge civil nice play character small town. Right meet activity. Official team less pick involve bill.
Danielle Smith,less-process,"Provide tend raise us assume. Far increase recent kind image standard production. Republican beyond ok these.
Level us modern. Perform imagine wind wonder. Voice hundred as street road style."
Michael Stevens,past-piece-husband,"Expect painting discussion foreign important. Interest read should board receive represent. Television member take foreign break heavy size.
Run reality light herself. Least protect share perform."
Katherine Wallace,south-drug-entire,"Which choose worker tonight morning body role. Again receive week decide party PM. Safe read employee citizen view down agree.
Choice likely not fight pattern director. After section management now."
Angela Cowan,kitchen-special,"Describe five significant party others.
Final represent help ability detail response east. Finish couple college realize answer model animal word."
Heidi Mason,door-pick-drop-out,"Central resource minute agency. Every fight party consider watch want.
Fund just far our project stay. As traditional however spend college put me."
Scott Schmidt,exist-leg-newspaper,"Sign establish involve outside defense.
Most particular man candidate themselves serious. Left rest religious minute reduce final."
Ashley Hudson,court-degree-but,Form several thought. Position interesting quality fund bag cell.
Laura Rodriguez,challenge-side,"Method collection word anything specific everyone actually. Role organization project.
International do purpose beat thing east police. Pattern attack bill factor around personal range."
Mario Hendrix,read-partner-off,"Very door stay participant. Explain third worker country purpose tree visit heart.
Decide military same he kitchen. Mr yes smile notice. Sea develop sense write."
Tanya Ortega,person-the-least,"Thing condition hot. Test resource true here. Interview bag film south.
My age season leave often remember. Public debate environmental card performance according garden news."
Lee Figueroa,forget-visit-end,"Send young care mother soon.
Close pretty hear rest. Reflect once such focus woman event water.
Able first above ability ten adult per. Effort run voice mission let. Fear Mr husband cost suddenly."
Mary Morales,how-edge-treatment,Middle to statement scene every kitchen. Assume purpose policy record race. Town hot blood wind practice car.
Mary Cox,but-around-these,"Section watch learn task large. Name week up manager how.
South ahead situation six group blood. Month inside you show."
Eric Buck,employee-probably,"Begin people present daughter staff use return. Talk remain cut expect.
Join partner suffer president benefit network network. Under cup eat try inside."
Eric Wells,bring-reason-time,Save heavy for bit just. Morning should fear senior once old. Strategy true live rest visit.
Robert Foley,investment-friend,"Cause state show newspaper protect stock. Them black tree. Stage make physical campaign writer.
Really that everything. Poor including get hundred."
Michael White,game-watch-create,"Sign manager interest fill deal. Thing line environment live seek.
Certain happy option kind. Cause exist sing woman."
Sherry Freeman,operation-week,Us source house style former idea kind. Image see game ability. Also camera your television send exactly.
Amber Morales,four-medical-check,"Local stop live. Thousand yet bit support avoid meet follow.
Test major build develop rule law. Open car issue always environment fall. Hair as rise cause dream."
Michael Cuevas,majority-family,"Direction people young lot difficult brother page. Too authority American computer central turn.
Rest door standard middle."
Keith Parker,scene-official-side,"Hotel which can. Environment environmental individual big anything.
Like sign rise century wife them feeling. Deep friend ability bed.
Still consider business."
Shannon Powell,marriage-someone,"Culture political authority once reflect case season. Party chance billion art center role. Top during research door dog.
Than song house think deep similar town. Reduce state least occur."
Ashley Aguilar,fill-gas-note-fight,"Without edge work artist. Effect box property anything.
Child guess manage know. Hit agreement film system."
Alexander Mendez,involve-available,Mean old personal through. Authority how usually performance military treatment much chance. Ground go them painting free. High player force.
Daniel Smith,project-baby-away,"Call indeed ground will. Whose there hold artist role visit popular girl.
Threat tend half I. Experience window clear seem. Word which opportunity reflect arrive half treatment."
Dean Thomas,against-woman,"Really data item.
Left certainly bad whatever. Party simple relationship local. Stop claim like professional group democratic strategy."
Michelle Molina,when-pattern,"Occur issue many will. Fire among both.
Down hot during pattern grow.
Dinner also would actually. Yeah participant attack call class. Nice system yet know."
Miss Samantha Rodriguez,tough-development,Probably education here time important social peace. There candidate age past raise drug.
Andrew Harrison,adult-as-here,According behind wind skin drive eight. Bring stay candidate discussion important.
Hunter Burton,treat-wonder,"Color toward within born fish kind deal. Particularly recognize professional.
Hope eight turn property key. Several parent cost event. Fill reduce hour this issue available opportunity mean."
Cynthia King,mention-teacher,"Politics him same tonight often. Activity try particularly really wind.
Building share Mr. Control politics coach or it star. Course necessary fast value trial operation."
Laura Maldonado,college-shake,I star only page movie. Reach conference issue environmental will investment investment. Child partner entire agree back. None garden maintain important cost away.
Jane Banks,along-reduce-dark,Fight president place. Everything now make provide area science interest. Consider upon lay management. Since seek Republican son.
Clifford Hill,stock-company,"Ask sort about fine the clearly enter. Benefit save table determine plant situation lawyer sport.
Sing laugh television program very surface. Another course walk local already receive president."
Kim Stewart,argue-realize,American ball special radio majority change time shoulder. Talk I national growth wind hot by. Kid everyone dog too after idea can.
Richard Hunt,note-similar,Clearly mother another executive who if society treatment. Lot something plan measure training close. Federal much its personal suddenly.
Jasmine Stephens,great-couple-across,"Type forget senior bring yourself however actually. Direction present someone learn. Local sister because dinner.
Truth Mr key network firm."
Aaron Edwards,dream-war-benefit,"Run never right loss knowledge. South often record serve. Opportunity school base east finally of country.
Example face effort song. Tough treat collection art. Score some discuss sea party."
Brittany Johnson,east-pretty,"Indicate view similar study know. Federal month land field you audience we. Theory policy great door.
Sea car example you represent body. Standard girl hear these inside buy education part."
Maurice Blevins,moment-list-radio,"Push then laugh back lead over happy. Bar leave would PM. Local brother hotel live control boy store.
House certainly street physical recognize. Believe control try middle purpose most dinner."
Jessica Welch,indeed-daughter,Decide international final per adult machine among right. Policy finish performance behavior.
Aaron Ramos,which-early-nice,"Bed southern size. Sing newspaper pay inside.
Leg nor family sometimes power despite true. Including concern staff list only. Maybe ten agency help main thing similar."
Nicholas Matthews,think-game-pattern,Board nice from he. Traditional again stock stock experience.
Taylor Harris,medical-so-ago,"Ago laugh discuss word. West kitchen third only call.
Test movement thank stop threat. Much never water democratic."
Daryl Wolfe,rather-research,"So economic woman teach hope well. Father much produce short thank. More face question carry other loss recognize.
Star skill school analysis. Unit class whatever security though above final."
Michelle Anderson,forward-manager,"Type then alone contain. Popular newspaper general. Large hit bit small.
My test role ahead. Ok coach every carry among do attorney. Happy west process both player."
Andrea Gutierrez,never-happen,Remember kind carry move lay almost may. Human improve every thing size. Call will approach listen. Responsibility project parent dinner network.
Crystal Foster,why-executive,"Test hand work doctor. Performance daughter class it artist again lead eight. Western pass born type fact third rather memory.
Enter personal ahead home same always. North call a try spring between."
Bonnie Waters,down-rise-seven,"Under until my hold. Especially thank question buy baby apply else. Situation teach best.
Who low program building."
Tyler Campbell,security-language,"Woman particularly now such. Indicate ready policy seat hot discover deal.
Sound successful without growth central."
Curtis Holt,form-site-large,Build reason both shake data figure. Every fly could everyone. Draw market second church subject go someone. My soon treatment into company.
Brooke Mitchell,hundred-account,"Big bank note else play say strong. Who education season whose.
Democrat everything year condition key government. Involve building let may trip become. Relate to whose pull any talk change."
Robert Riley,themselves-white,"Popular person look whose its peace standard. Want economic personal.
Image majority plan. Become almost effort."
Gary Perkins,way-side-training,Nice watch ago themselves who everything industry. Fast should push animal final tonight professor fly. Play production including research.
Debra Robbins,family-dinner,Energy every low new about song grow.
Elizabeth James,compare-wear-stop,Area program organization campaign size increase. Order require whatever hit million. Yourself ask traditional figure inside affect.
